x1,y1,x2,y2,x3,y3,x4,y4,x5,y5,x6,y6,x7,y7,x8,y8,x9,y9,x10,y10,x11,y11,x12,y12,x13,y13,x14,y14,x15,y15,x16,y16,x17,y17,x18,y18,x19,y19,x20,y20,x21,y21,x22,y22,x23,y23,x24,y24,x25,y25,x26,y26,x27,y27,x28,y28,x29,y29,x30,y30,x31,y31,x32,y32,x33,y33,x34,y34,x35,y35,x36,y36,x37,y37,x38,y38,x39,y39,x40,y40,x41,y41,x42,y42,x43,y43,x44,y44,x45,y45,x46,y46,x47,y47,x48,y48,x49,y49,x50,y50,x51,y51,x52,y52,x53,y53,x54,y54,x55,y55,x56,y56,x57,y57,x58,y58,x59,y59,x60,y60,x61,y61,x62,y62,x63,y63,x64,y64,x65,y65,x66,y66,x67,y67,x68,y68,x69,y69,x70,y70,x71,y71,x72,y72,x73,y73,x74,y74,x75,y75,x76,y76,x77,y77,x78,y78,x79,y79,x80,y80,x81,y81,x82,y82,x83,y83,x84,y84,x85,y85,x86,y86,x87,y87,x88,y88,x89,y89,x90,y90,x91,y91,x92,y92,x93,y93,x94,y94,x95,y95,x96,y96,x97,y97,x98,y98,x99,y99,x100,y100,x101,y101,x102,y102,x103,y103,x104,y104,x105,y105,x106,y106,x107,y107,x108,y108,x109,y109,x110,y110,x111,y111,x112,y112,x113,y113,x114,y114,x115,y115,x116,y116,x117,y117,x118,y118,x119,y119,x120,y120,x121,y121,x122,y122,x123,y123,x124,y124,x125,y125,x126,y126,x127,y127,x128,y128,x129,y129,x130,y130,x131,y131,x132,y132,x133,y133,x134,y134,x135,y135,x136,y136,x137,y137,x138,y138,x139,y139,x140,y140,x141,y141,x142,y142,x143,y143,x144,y144,x145,y145,x146,y146,x147,y147,x148,y148,x149,y149,x150,y150,x151,y151,x152,y152,x153,y153,x154,y154,x155,y155,x156,y156,x157,y157,x158,y158,x159,y159,x160,y160,x161,y161,x162,y162,x163,y163,x164,y164,x165,y165,x166,y166,x167,y167,x168,y168,x169,y169,x170,y170,x171,y171,x172,y172,x173,y173,x174,y174,x175,y175,x176,y176,x177,y177,x178,y178,x179,y179,x180,y180,x181,y181,x182,y182,x183,y183,x184,y184,x185,y185,x186,y186,x187,y187,x188,y188,x189,y189,x190,y190,x191,y191,x192,y192,x193,y193,x194,y194,x195,y195,x196,y196,x197,y197,x198,y198,x199,y199,x200,y200,x201,y201,x202,y202,x203,y203,x204,y204,x205,y205,x206,y206,x207,y207,x208,y208,x209,y209,x210,y210,x211,y211,x212,y212,x213,y213,x214,y214,x215,y215,x216,y216,x217,y217,x218,y218,x219,y219,x220,y220,x221,y221,x222,y222,x223,y223,x224,y224,x225,y225,x226,y226,x227,y227,x228,y228,x229,y229,x230,y230,x231,y231,x232,y232,x233,y233,x234,y234,x235,y235,x236,y236,x237,y237,x238,y238,x239,y239,x240,y240,x241,y241,x242,y242,x243,y243,x244,y244,x245,y245,x246,y246,x247,y247,x248,y248,x249,y249,x250,y250,x251,y251,x252,y252,x253,y253,x254,y254,x255,y255,x256,y256,x257,y257,x258,y258,x259,y259,x260,y260,x261,y261,x262,y262,x263,y263,x264,y264,x265,y265,x266,y266,x267,y267,x268,y268,x269,y269,x270,y270,x271,y271,x272,y272,x273,y273,x274,y274,x275,y275,x276,y276,x277,y277,x278,y278,x279,y279,x280,y280,x281,y281,x282,y282,x283,y283,x284,y284,x285,y285,x286,y286,x287,y287,x288,y288,x289,y289,x290,y290,x291,y291,x292,y292,x293,y293,x294,y294,x295,y295,x296,y296,x297,y297,x298,y298,x299,y299,x300,y300,x301,y301,x302,y302,x303,y303,x304,y304,x305,y305,x306,y306,x307,y307,x308,y308,x309,y309,x310,y310,x311,y311,x312,y312,x313,y313,x314,y314,x315,y315,x316,y316,x317,y317,x318,y318,x319,y319,x320,y320,x321,y321,x322,y322,x323,y323,x324,y324,x325,y325,x326,y326,x327,y327,x328,y328,x329,y329,x330,y330,x331,y331,x332,y332,x333,y333,x334,y334,x335,y335,x336,y336,x337,y337,x338,y338,x339,y339,x340,y340,x341,y341,x342,y342,x343,y343,x344,y344,x345,y345,x346,y346,x347,y347,x348,y348,x349,y349,x350,y350,x351,y351,x352,y352,x353,y353,x354,y354,x355,y355,x356,y356,x357,y357,x358,y358,x359,y359,x360,y360,x361,y361,x362,y362,x363,y363,x364,y364,x365,y365,x366,y366,x367,y367,x368,y368,x369,y369,x370,y370,x371,y371,x372,y372,x373,y373,x374,y374,x375,y375,x376,y376,x377,y377,x378,y378,x379,y379,x380,y380,x381,y381,x382,y382,x383,y383,x384,y384,x385,y385,x386,y386,x387,y387,x388,y388,x389,y389,x390,y390,x391,y391,x392,y392,x393,y393,x394,y394,x395,y395,x396,y396,x397,y397,x398,y398,x399,y399,x400,y400,x401,y401,x402,y402,x403,y403,x404,y404,x405,y405,x406,y406,x407,y407,x408,y408,x409,y409,x410,y410,x411,y411,x412,y412,x413,y413,x414,y414,x415,y415,x416,y416,x417,y417,x418,y418,x419,y419,x420,y420,x421,y421,x422,y422,x423,y423,x424,y424,x425,y425,x426,y426,x427,y427,x428,y428,x429,y429,x430,y430,x431,y431,x432,y432,x433,y433,x434,y434,x435,y435,x436,y436,x437,y437,x438,y438,x439,y439,x440,y440,x441,y441,x442,y442,x443,y443,x444,y444,x445,y445,x446,y446,x447,y447,x448,y448,x449,y449,x450,y450,x451,y451,x452,y452,x453,y453,x454,y454,x455,y455,x456,y456,x457,y457,x458,y458,x459,y459,x460,y460,x461,y461,x462,y462,x463,y463,x464,y464,x465,y465,x466,y466,x467,y467,x468,y468,x469,y469,x470,y470,x471,y471,x472,y472,x473,y473,x474,y474,x475,y475,x476,y476,x477,y477,x478,y478,x479,y479,x480,y480,x481,y481,x482,y482,x483,y483,x484,y484,x485,y485,x486,y486,x487,y487,x488,y488,x489,y489,x490,y490,x491,y491,x492,y492,class
58,28,59,28,60,28,51,29,52,29,53,29,54,29,55,29,56,29,57,29,61,29,62,29,63,29,64,29,65,29,47,30,48,30,49,30,50,30,66,30,67,30,44,31,45,31,46,31,68,31,69,31,43,32,44,32,69,32,70,32,43,33,70,33,71,33,43,34,53,34,54,34,55,34,56,34,57,34,58,34,59,34,60,34,61,34,62,34,63,34,64,34,71,34,72,34,43,35,48,35,49,35,50,35,51,35,52,35,65,35,66,35,72,35,43,36,44,36,45,36,46,36,47,36,48,36,66,36,67,36,73,36,67,37,68,37,73,37,36,38,37,38,38,38,68,38,74,38,29,39,30,39,31,39,32,39,33,39,34,39,35,39,39,39,40,39,41,39,42,39,43,39,44,39,45,39,46,39,47,39,48,39,49,39,50,39,51,39,52,39,68,39,69,39,74,39,75,39,25,40,26,40,27,40,28,40,29,40,53,40,54,40,69,40,75,40,76,40,22,41,23,41,24,41,54,41,55,41,69,41,70,41,76,41,77,41,19,42,20,42,21,42,56,42,57,42,70,42,71,42,77,42,16,43,17,43,18,43,58,43,59,43,71,43,72,43,78,43,16,44,30,44,31,44,32,44,33,44,34,44,35,44,36,44,37,44,38,44,39,44,40,44,41,44,42,44,43,44,44,44,45,44,46,44,47,44,48,44,49,44,50,44,51,44,59,44,60,44,72,44,78,44,16,45,27,45,28,45,29,45,30,45,51,45,52,45,60,45,61,45,73,45,79,45,16,46,24,46,25,46,26,46,53,46,54,46,61,46,62,46,73,46,79,46,16,47,21,47,22,47,23,47,54,47,55,47,62,47,63,47,74,47,79,47,80,47,16,48,21,48,56,48,57,48,63,48,74,48,80,48,16,49,21,49,57,49,58,49,64,49,74,49,75.0,49.0,80.0,49.0,16.0,50.0,21.0,50.0,22.0,50.0,39.0,50.0,40.0,50.0,41.0,50.0,42.0,50.0,43.0,50.0,58.0,50.0,59.0,50.0,64.0,50.0,75.0,50.0,81.0,50.0,16.0,51.0,22.0,51.0,37.0,51.0,38.0,51.0,39.0,51.0,43.0,51.0,44.0,51.0,59.0,51.0,65.0,51.0,75.0,51.0,81.0,51.0,16.0,52.0,17.0,52.0,23.0,52.0,37.0,52.0,44.0,52.0,60.0,52.0,65.0,52.0,76.0,52.0,81.0,52.0,82.0,52.0,17.0,53.0,23.0,53.0,37.0,53.0,44.0,53.0,60.0,53.0,65.0,53.0,76.0,53.0,82.0,53.0,18.0,54.0,24.0,54.0,37.0,54.0,44.0,54.0,60.0,54.0,65.0,54.0,76.0,54.0,77.0,54.0,82.0,54.0,18.0,55.0,24.0,55.0,37.0,55.0,43.0,55.0,44.0,55.0,60.0,55.0,65.0,55.0,77.0,55.0,82.0,55.0,19.0,56.0,24.0,56.0,25.0,56.0,37.0,56.0,38.0,56.0,39.0,56.0,40.0,56.0,41.0,56.0,42.0,56.0,43.0,56.0,60.0,56.0,66.0,56.0,77.0,56.0,82.0,56.0,19.0,57.0,25.0,57.0,60.0,57.0,66.0,57.0,77.0,57.0,82.0,57.0,20.0,58.0,25.0,58.0,60.0,58.0,66.0,58.0,77.0,58.0,83.0,58.0,20.0,59.0,26.0,59.0,60.0,59.0,66.0,59.0,77.0,59.0,83.0,59.0,20.0,60.0,21.0,60.0,26.0,60.0,60.0,60.0,65.0,60.0,77.0,60.0,83.0,60.0,21.0,61.0,27.0,61.0,59.0,61.0,60.0,61.0,65.0,61.0,77.0,61.0,83.0,61.0,21.0,62.0,27.0,62.0,28.0,62.0,58.0,62.0,59.0,62.0,65.0,62.0,77.0,62.0,83.0,62.0,22.0,63.0,28.0,63.0,29.0,63.0,57.0,63.0,58.0,63.0,65.0,63.0,77.0,63.0,83.0,63.0,22.0,64.0,23.0,64.0,29.0,64.0,30.0,64.0,57.0,64.0,64.0,64.0,65.0,64.0,77.0,64.0,83.0,64.0,23.0,65.0,30.0,65.0,57.0,65.0,63.0,65.0,64.0,65.0,77.0,65.0,83.0,65.0,24.0,66.0,30.0,66.0,31.0,66.0,57.0,66.0,62.0,66.0,63.0,66.0,77.0,66.0,83.0,66.0,24.0,67.0,25.0,67.0,31.0,67.0,32.0,67.0,57.0,67.0,58.0,67.0,59.0,67.0,60.0,67.0,61.0,67.0,77.0,67.0,83.0,67.0,25.0,68.0,26.0,68.0,32.0,68.0,33.0,68.0,77.0,68.0,82.0,68.0,26.0,69.0,33.0,69.0,34.0,69.0,35.0,69.0,77.0,69.0,82.0,69.0,27.0,70.0,35.0,70.0,36.0,70.0,37.0,70.0,38.0,70.0,39.0,70.0,76.0,70.0,77.0,70.0,82.0,70.0,27.0,71.0,28.0,71.0,40.0,71.0,41.0,71.0,42.0,71.0,43.0,71.0,44.0,71.0,75.0,71.0,76.0,71.0,82.0,71.0,29.0,72.0,30.0,72.0,44.0,72.0,45.0,72.0,46.0,72.0,47.0,72.0,72.0,72.0,73.0,72.0,74.0,72.0,75.0,72.0,82.0,72.0,30.0,73.0,31.0,73.0,47.0,73.0,48.0,73.0,49.0,73.0,50.0,73.0,51.0,73.0,52.0,73.0,53.0,73.0,54.0,73.0,55.0,73.0,56.0,73.0,57.0,73.0,58.0,73.0,59.0,73.0,60.0,73.0,61.0,73.0,62.0,73.0,63.0,73.0,64.0,73.0,65.0,73.0,66.0,73.0,67.0,73.0,68.0,73.0,69.0,73.0,70.0,73.0,71.0,73.0,72.0,73.0,81.0,73.0,31.0,74.0,32.0,74.0,33.0,74.0,80.0,74.0,81.0,74.0,33.0,75.0,34.0,75.0,35.0,75.0,36.0,75.0,37.0,75.0,79.0,75.0,80.0,75.0,38.0,76.0,39.0,76.0,40.0,76.0,41.0,76.0,42.0,76.0,78.0,76.0,79.0,76.0,43.0,77.0,44.0,77.0,45.0,77.0,46.0,77.0,74.0,77.0,75.0,77.0,76.0,77.0,77.0,77.0,46.0,78.0,47.0,78.0,48.0,78.0,49.0,78.0,50.0,78.0,51.0,78.0,68.0,78.0,69.0,78.0,70.0,78.0,71.0,78.0,72.0,78.0,73.0,78.0,74.0,78.0,52.0,79.0,53.0,79.0,54.0,79.0,55.0,79.0,56.0,79.0,57.0,79.0,58.0,79.0,59.0,79.0,60.0,79.0,61.0,79.0,62.0,79.0,63.0,79.0,64.0,79.0,65.0,79.0,66.0,79.0,67.0,79.0,A
43,25,44,25,45,25,46,25,47,25,48,25,49,25,50,25,51,25,37,26,38,26,39,26,40,26,41,26,42,26,52,26,53,26,54,26,55,26,56,26,35,27,36,27,37,27,57,27,58,27,34,28,35,28,58,28,59,28,34,29,59,29,60,29,34,30,60,30,61,30,34,31,39,31,40,31,41,31,42,31,43,31,44,31,45,31,46,31,47,31,48,31,49,31,50,31,51,31,52,31,53,31,54,31,61,31,62,31,34,32,37,32,38,32,55,32,56,32,62,32,34,33,35,33,36,33,37,33,56,33,57,33,62,33,57,34,63,34,57,35,58,35,63,35,58,36,63,36,16,37,17,37,18,37,19,37,20,37,58,37,64,37,16,38,21,38,22,38,23,38,24,38,25,38,26,38,27,38,28,38,29,38,30,38,31,38,32,38,33,38,34,38,35,38,36,38,37,38,59,38,64,38,65,38,15,39,38,39,39,39,40,39,41,39,42,39,59,39,65,39,15,40,42,40,43,40,60,40,65,40,15,41,43,41,60,41,66,41,15,42,43,42,60,42,66,42,15,43,22,43,23,43,24,43,25,43,43,43,61,43,66,43,15,44,21,44,26,44,27,44,28,44,29,44,30,44,31,44,32,44,33,44,34,44,35,44,36,44,37,44,38,44,44,44,61,44,67,44,15,45,20,45,38,45,44,45,61,45,62,45,67,45,15,46,20,46,38,46,44,46,62,46,68,46,15,47,20,47,38,47,44,47,63,47,68,47,15,48,21,48,38,48,44,48,63,48,68,48,15,49,21,49,38,49,44,49,63,49,64,49,69,49,15,50,21,50,38,50,44,50,64,50,69,50,15,51,21,51,38,51,44,51,64,51,69,51,15,52,21,52,38,52,44,52,64,52,69,52,70,52,15,53,21,53,38,53,44,53,65,53,70,53,15.0,54.0,21.0,54.0,29.0,54.0,38.0,54.0,44.0,54.0,65.0,54.0,70.0,54.0,15.0,55.0,21.0,55.0,27.0,55.0,28.0,55.0,30.0,55.0,31.0,55.0,38.0,55.0,44.0,55.0,65.0,55.0,70.0,55.0,15.0,56.0,21.0,56.0,27.0,56.0,31.0,56.0,38.0,56.0,44.0,56.0,65.0,56.0,70.0,56.0,15.0,57.0,21.0,57.0,26.0,57.0,32.0,57.0,38.0,57.0,44.0,57.0,65.0,57.0,70.0,57.0,15.0,58.0,21.0,58.0,27.0,58.0,31.0,58.0,38.0,58.0,44.0,58.0,65.0,58.0,71.0,58.0,15.0,59.0,21.0,59.0,27.0,59.0,28.0,59.0,30.0,59.0,31.0,59.0,38.0,59.0,44.0,59.0,65.0,59.0,71.0,59.0,15.0,60.0,21.0,60.0,29.0,60.0,39.0,60.0,43.0,60.0,65.0,60.0,71.0,60.0,15.0,61.0,21.0,61.0,39.0,61.0,43.0,61.0,65.0,61.0,71.0,61.0,15.0,62.0,21.0,62.0,39.0,62.0,40.0,62.0,41.0,62.0,42.0,62.0,43.0,62.0,65.0,62.0,71.0,62.0,15.0,63.0,21.0,63.0,65.0,63.0,71.0,63.0,15.0,64.0,21.0,64.0,65.0,64.0,71.0,64.0,15.0,65.0,21.0,65.0,65.0,65.0,71.0,65.0,15.0,66.0,21.0,66.0,65.0,66.0,71.0,66.0,16.0,67.0,21.0,67.0,65.0,67.0,71.0,67.0,16.0,68.0,21.0,68.0,65.0,68.0,71.0,68.0,16.0,69.0,21.0,69.0,22.0,69.0,65.0,69.0,71.0,69.0,16.0,70.0,22.0,70.0,23.0,70.0,65.0,70.0,71.0,70.0,16.0,71.0,17.0,71.0,23.0,71.0,24.0,71.0,25.0,71.0,26.0,71.0,65.0,71.0,71.0,71.0,17.0,72.0,26.0,72.0,27.0,72.0,28.0,72.0,65.0,72.0,71.0,72.0,18.0,73.0,29.0,73.0,30.0,73.0,31.0,73.0,32.0,73.0,65.0,73.0,71.0,73.0,18.0,74.0,19.0,74.0,33.0,74.0,34.0,74.0,35.0,74.0,36.0,74.0,37.0,74.0,38.0,74.0,65.0,74.0,71.0,74.0,19.0,75.0,20.0,75.0,21.0,75.0,39.0,75.0,40.0,75.0,41.0,75.0,42.0,75.0,43.0,75.0,44.0,75.0,65.0,75.0,70.0,75.0,22.0,76.0,23.0,76.0,24.0,76.0,44.0,76.0,45.0,76.0,46.0,76.0,47.0,76.0,48.0,76.0,49.0,76.0,50.0,76.0,51.0,76.0,52.0,76.0,53.0,76.0,54.0,76.0,55.0,76.0,56.0,76.0,57.0,76.0,58.0,76.0,59.0,76.0,60.0,76.0,61.0,76.0,62.0,76.0,63.0,76.0,64.0,76.0,65.0,76.0,70.0,76.0,25.0,77.0,26.0,77.0,27.0,77.0,70.0,77.0,27.0,78.0,28.0,78.0,29.0,78.0,30.0,78.0,31.0,78.0,70.0,78.0,32.0,79.0,33.0,79.0,34.0,79.0,35.0,79.0,36.0,79.0,37.0,79.0,38.0,79.0,69.0,79.0,70.0,79.0,38.0,80.0,39.0,80.0,40.0,80.0,41.0,80.0,42.0,80.0,43.0,80.0,68.0,80.0,69.0,80.0,43.0,81.0,44.0,81.0,45.0,81.0,46.0,81.0,47.0,81.0,48.0,81.0,49.0,81.0,64.0,81.0,65.0,81.0,66.0,81.0,67.0,81.0,68.0,81.0,50.0,82.0,51.0,82.0,52.0,82.0,53.0,82.0,54.0,82.0,55.0,82.0,56.0,82.0,57.0,82.0,58.0,82.0,59.0,82.0,60.0,82.0,61.0,82.0,62.0,82.0,63.0,82.0,,,,,,,,,,,,,,,,,,,,,,,,,,,,,,,,,,,,,,,,,,,,,,,,,,,,,,,,,,,,,,,,,,,,,,,,,,,,,,,,,,,,,,,,,,,,,,,,,,,,,,,,,,,,,,,,,,,,,A
58,20,59,20,60,20,61,20,62,20,58,21,62,21,58,22,62,22,58,23,63,23,22,24,23,24,24,24,25,24,26,24,27,24,58,24,63,24,22,25,27,25,58,25,63,25,22,26,28,26,58,26,63,26,22,27,28,27,29,27,58,27,64,27,22,28,23,28,29,28,30,28,58,28,59,28,64,28,23,29,24,29,30,29,59,29,64,29,24,30,25,30,31,30,59,30,64,30,25,31,26,31,31,31,59,31,64,31,26,32,32,32,59,32,65,32,27,33,32,33,59,33,65,33,27,34,33,34,60,34,65,34,28,35,33,35,60,35,65,35,28,36,33,36,60,36,65,36,28,37,33,37,60,37,65,37,28,38,33,38,60,38,65,38,66,38,28,39,34,39,60,39,61,39,66,39,29,40,34,40,61,40,66,40,29,41,34,41,61,41,66,41,29,42,34,42,61,42,66,42,67,42,29,43,34,43,61,43,62,43,67,43,29,44,34,44,62,44,67,44,29,45,34,45,62,45,67,45,29,46,34,46,62,46,67,46,29,47,35,47,62,47,67,47,29,48,35,48,62,48,67,48,29,49,35,49,62,49,68,49,29,50,35,50,62,50,68,50,29,51,35,51,62,51,68,51,29,52,35,52,62,52,68,52,29,53,35,53,62,53,68,53,29,54,35,54,62,54,68,54,29,55,35,55,62,55,68,55,29,56,35,56,62,56,68,56,29,57,35,57,62,57,68,57,29,58,35,58,62,58,68,58,29,59,35,59,62,59,68,59,29,60,35,60,62,60,68,60,29,61,35,61,62,61,68,61,29,62,35,62,62,62,67,62,29,63,35,63,62,63,67,63,29,64,35,64,62,64,67,64,29,65,35,65,62,65,67,65,29,66,35,66,62,66,67,66,29,67,35,67,62,67,67,67,29,68,35,68,62,68,67,68,29.0,69.0,35.0,69.0,61.0,69.0,67.0,69.0,29.0,70.0,35.0,70.0,61.0,70.0,67.0,70.0,30.0,71.0,35.0,71.0,61.0,71.0,67.0,71.0,30.0,72.0,35.0,72.0,61.0,72.0,66.0,72.0,30.0,73.0,35.0,73.0,61.0,73.0,66.0,73.0,30.0,74.0,35.0,74.0,61.0,74.0,66.0,74.0,30.0,75.0,35.0,75.0,61.0,75.0,66.0,75.0,30.0,76.0,35.0,76.0,60.0,76.0,66.0,76.0,30.0,77.0,36.0,77.0,60.0,77.0,65.0,77.0,30.0,78.0,36.0,78.0,60.0,78.0,65.0,78.0,31.0,79.0,36.0,79.0,59.0,79.0,65.0,79.0,31.0,80.0,36.0,80.0,59.0,80.0,64.0,80.0,31.0,81.0,36.0,81.0,37.0,81.0,58.0,81.0,59.0,81.0,64.0,81.0,31.0,82.0,37.0,82.0,38.0,82.0,57.0,82.0,58.0,82.0,64.0,82.0,31.0,83.0,38.0,83.0,39.0,83.0,40.0,83.0,41.0,83.0,56.0,83.0,57.0,83.0,63.0,83.0,32.0,84.0,42.0,84.0,43.0,84.0,44.0,84.0,45.0,84.0,46.0,84.0,47.0,84.0,48.0,84.0,49.0,84.0,50.0,84.0,51.0,84.0,52.0,84.0,53.0,84.0,54.0,84.0,55.0,84.0,56.0,84.0,63.0,84.0,32.0,85.0,33.0,85.0,62.0,85.0,34.0,86.0,35.0,86.0,61.0,86.0,62.0,86.0,35.0,87.0,36.0,87.0,60.0,87.0,61.0,87.0,37.0,88.0,38.0,88.0,39.0,88.0,40.0,88.0,59.0,88.0,60.0,88.0,41.0,89.0,42.0,89.0,43.0,89.0,44.0,89.0,45.0,89.0,46.0,89.0,47.0,89.0,54.0,89.0,55.0,89.0,56.0,89.0,57.0,89.0,58.0,89.0,48.0,90.0,49.0,90.0,50.0,90.0,51.0,90.0,52.0,90.0,53.0,90.0,,,,,,,,,,,,,,,,,,,,,,,,,,,,,,,,,,,,,,,,,,,,,,,,,,,,,,,,,,,,,,,,,,,,,,,,,,,,,,,,,,,,,,,,,,,,,,,,,,,,,,,,,,,,,,,,,,,,,,,,,,,,,,,,,,,,,,,,,,,,,,,,,,,,,,,,,,,,,,,,,,,,,,,,,,,,,,,,,,,,,,,,,,,,,,,,,,,,,,,,,,,,,,,,,,,,,,,,,,,,,,,,,,,,,,,,,,,,,,,,,,,,,,,,,,,,,,,,,,,,,,,,,,,,,,,,,,,,,,,,,,,,,,,,,,,,,,,,,,,,,,,,,,,,,,,,,,,,,,,,,,,,,,,,,,,,,C
59,17,60,17,61,17,62,17,63,17,59,18,63,18,64,18,59,19,64,19,59,20,65,20,60,21,65,21,66,21,60,22,66,22,67,22,61,23,67,23,61,24,62,24,68,24,62,25,63,25,68,25,63,26,68,26,69,26,63,27,64,27,69,27,64,28,69,28,64,29,69,29,24,30,25,30,26,30,27,30,28,30,29,30,30,30,64,30,69,30,24,31,30,31,31,31,64,31,69,31,24,32,31,32,64,32,70,32,24,33,31,33,32,33,64,33,70,33,24,34,25,34,32,34,64,34,70,34,25,35,26,35,27,35,32,35,64,35,70,35,27,36,32,36,64,36,70,36,27,37,33,37,64,37,70,37,27,38,28,38,33,38,64,38,70,38,28,39,33,39,64,39,70,39,28,40,34,40,64,40,70,40,28,41,34,41,64,41,70,41,29,42,35,42,64,42,70,42,29,43,35,43,64,43,70,43,30,44,35,44,64,44,69,44,30,45,35,45,64,45,69,45,30,46,35,46,63,46,64,46,69,46,30,47,36,47,63,47,69,47,30,48,36,48,63,48,68,48,69,48,30,49,36,49,62,49,68,49,30,50,36,50,62,50,67,50,68,50,30,51,36,51,62,51,67,51,30,52,36,52,61,52,67,52,30,53,36,53,61,53,66,53,30,54,36,54,60,54,61,54,66,54,30,55,36,55,60,55,66,55,30,56,36,56,59,56,60,56,65,56,30,57,36,57,59,57,65,57,30,58,36,58,58,58,64,58,65,58,30,59,36,59,58,59,63,59,64,59,30,60,36,60,57,60,58,60,63,60,30,61,36,61,57,61,62,61,63,61,30,62,36,62,56,62,57,62,62,62,30,63,36,63,55,63,56,63,62,63,30,64,36,64,54,64,55,64,61,64,30,65,36,65,54,65,60,65,61,65,30,66,36,66,53.0,66.0,59.0,66.0,60.0,66.0,31.0,67.0,36.0,67.0,52.0,67.0,53.0,67.0,58.0,67.0,59.0,67.0,31.0,68.0,36.0,68.0,51.0,68.0,52.0,68.0,58.0,68.0,31.0,69.0,36.0,69.0,37.0,69.0,38.0,69.0,39.0,69.0,40.0,69.0,41.0,69.0,42.0,69.0,43.0,69.0,44.0,69.0,45.0,69.0,46.0,69.0,47.0,69.0,48.0,69.0,49.0,69.0,50.0,69.0,51.0,69.0,57.0,69.0,31.0,70.0,57.0,70.0,31.0,71.0,56.0,71.0,32.0,72.0,55.0,72.0,56.0,72.0,32.0,73.0,33.0,73.0,54.0,73.0,55.0,73.0,33.0,74.0,34.0,74.0,35.0,74.0,36.0,74.0,50.0,74.0,51.0,74.0,52.0,74.0,53.0,74.0,54.0,74.0,37.0,75.0,38.0,75.0,39.0,75.0,40.0,75.0,41.0,75.0,42.0,75.0,43.0,75.0,44.0,75.0,45.0,75.0,46.0,75.0,47.0,75.0,48.0,75.0,49.0,75.0,,,,,,,,,,,,,,,,,,,,,,,,,,,,,,,,,,,,,,,,,,,,,,,,,,,,,,,,,,,,,,,,,,,,,,,,,,,,,,,,,,,,,,,,,,,,,,,,,,,,,,,,,,,,,,,,,,,,,,,,,,,,,,,,,,,,,,,,,,,,,,,,,,,,,,,,,,,,,,,,,,,,,,,,,,,,,,,,,,,,,,,,,,,,,,,,,,,,,,,,,,,,,,,,,,,,,,,,,,,,,,,,,,,,,,,,,,,,,,,,,,,,,,,,,,,,,,,,,,,,,,,,,,,,,,,,,,,,,,,,,,,,,,,,,,,,,,,,,,,,,,,,,,,,,,,,,,,,,,,,,,,,,,,,,,,,,,,,,,,,,,,,,,,,,,,,,,,,,,,,,,,,,,,,,,,,,,,,,,,,,,,,,,,,,,,,,,,,,,,,,,,,,,,,,,,,,,,,,,,,,,,,,,,,,,,,,,,,,,,,,,,C
47,29,48,29,49,29,50,29,51,29,47,30,51,30,47,31,51,31,46,32,52,32,46,33,52,33,46,34,52,34,46,35,52,35,46,36,52,36,46,37,52,37,46,38,52,38,46,39,52,39,26,40,27,40,28,40,29,40,30,40,31,40,32,40,33,40,34,40,35,40,36,40,37,40,38,40,39,40,40,40,41,40,42,40,43,40,44,40,45,40,46,40,52,40,53,40,54,40,55,40,56,40,57,40,58,40,59,40,60,40,61,40,62,40,63,40,64,40,65,40,66,40,67,40,68,40,69,40,26,41,70,41,71,41,72,41,73,41,74,41,26,42,74,42,26,43,74,43,26,44,74,44,25,45,32,45,33,45,34,45,35,45,65,45,66,45,67,45,68,45,74,45,25,46,31,46,36,46,37,46,38,46,39,46,40,46,41,46,42,46,43,46,44,46,45,46,46,46,47,46,53,46,54,46,55,46,56,46,57,46,58,46,59,46,60,46,61,46,62,46,63,46,64,46,68,46,69,46,74,46,25,47,30,47,47,47,53,47,69,47,74,47,25,48,30,48,47,48,53,48,69,48,74,48,25,49,30,49,47,49,53,49,69,49,74,49,26,50,30,50,47,50,53,50,69,50,74,50,26,51,30,51,47,51,53,51,69,51,74,51,26,52,27,52,28,52,29,52,30,52,47,52,53,52,68,52,73,52,47,53,53,53,69,53,73,53,47,54,53,54,69,54,73,54,47,55,53,55,69,55,70,55,71,55,72,55,73,55,47,56,53,56,47,57,53,57,47,58,53,58,47,59,53,59,47,60,53,60,47,61,53,61,47,62,53,62,47,63,53,63,47,64,53,64,47,65,53,65,47,66,53,66,47,67,53,67,48,68,52,68,48,69,52,69,48,70,52,70,48,71,52,71,48,72,49,72,50,72,51,72,52,72,,,,,,,,,,,,,,,,,,,,,,,,,,,,,,,,,,,,,,,,,,,,,,,,,,,,,,,,,,,,,,,,,,,,,,,,,,,,,,,,,,,,,,,,,,,,,,,,,,,,,,,,,,,,,,,,,,,,,,,,,,,,,,,,,,,,,,,,,,,,,,,,,,,,,,,,,,,,,,,,,,,,,,,,,,,,,,,,,,,,,,,,,,,,,,,,,,,,,,,,,,,,,,,,,,,,,,,,,,,,,,,,,,,,,,,,,,,,,,,,,,,,,,,,,,,,,,,,,,,,,,,,,,,,,,,,,,,,,,,,,,,,,,,,,,,,,,,,,,,,,,,,,,,,,,,,,,,,,,,,,,,,,,,,,,,,,,,,,,,,,,,,,,,,,,,,,,,,,,,,,,,,,,,,,,,,,,,,,,,,,,,,,,,,,,,,,,,,,,,,,,,,,,,,,,,,,,,,,,,,,,,,,,,,,,,,,,,,,,,,,,,,,,,,,,,,,,,,,,,,,,,,,,,,,,,,,,,,,,,,,,,,,,,,,,,,,,,,,,,,,,,,,,,,,,,,,,,,,,,,,,,,,,,,,,,,,,,,,,,,,,,,,,,,,,,,,,,,,,,,,,,,,,,,,,,,,E
53,19,54,19,55,19,56,19,57,19,53,20,57,20,53,21,57,21,52,22,58,22,52,23,58,23,52,24,58,24,52,25,58,25,52,26,58,26,52,27,58,27,52,28,58,28,52,29,58,29,52,30,58,30,52,31,58,31,52,32,58,32,52,33,58,33,52,34,58,34,52,35,58,35,52,36,58,36,53,37,58,37,53,38,58,38,70,38,35,39,36,39,37,39,38,39,39,39,40,39,41,39,42,39,43,39,44,39,53,39,58,39,69,39,70,39,71,39,72,39,34,40,35,40,44,40,45,40,46,40,47,40,48,40,49,40,52,40,58,40,68,40,69,40,72,40,34,41,49,41,50,41,51,41,58,41,59,41,60,41,61,41,62,41,63,41,64,41,65,41,66,41,67,41,68,41,72,41,33,42,72,42,33,43,72,43,33,44,39,44,40,44,41,44,42,44,43,44,72,44,33,45,38,45,39,45,43,45,44,45,45,45,46,45,47,45,48,45,72,45,33,46,38,46,48,46,49,46,50,46,51,46,72,46,32,47,38,47,51,47,52,47,58,47,59,47,60,47,61,47,62,47,63,47,64,47,65,47,66,47,72,47,32,48,38,48,52,48,58,48,66,48,72,48,32,49,37,49,52,49,58,49,66,49,72,49,32,50,37,50,52,50,58,50,66,50,72,50,31,51,32,51,37,51,52,51,58,51,66,51,72,51,31,52,37,52,52,52,58,52,66,52,72,52,31,53,36,53,52,53,58,53,66,53,72,53,30,54,31,54,36,54,52,54,58,54,66,54,72,54,30,55,35,55,36,55,52,55,58,55,66,55,72,55,30,56,35,56,52,56,58,56,66,56,72,56,30,57,35,57,52,57,58,57,66,57,72,57,30,58,35,58,52,58,58,58,66,58,72,58,30,59,35,59,52,59,58,59,66,59,72,59,30.0,60.0,34.0,60.0,52.0,60.0,58.0,60.0,66.0,60.0,72.0,60.0,30.0,61.0,31.0,61.0,32.0,61.0,33.0,61.0,34.0,61.0,52.0,61.0,57.0,61.0,66.0,61.0,72.0,61.0,52.0,62.0,57.0,62.0,66.0,62.0,72.0,62.0,52.0,63.0,57.0,63.0,67.0,63.0,71.0,63.0,52.0,64.0,57.0,64.0,67.0,64.0,71.0,64.0,52.0,65.0,57.0,65.0,67.0,65.0,68.0,65.0,69.0,65.0,70.0,65.0,71.0,65.0,52.0,66.0,56.0,66.0,52.0,67.0,55.0,67.0,56.0,67.0,52.0,68.0,53.0,68.0,54.0,68.0,55.0,68.0,,,,,,,,,,,,,,,,,,,,,,,,,,,,,,,,,,,,,,,,,,,,,,,,,,,,,,,,,,,,,,,,,,,,,,,,,,,,,,,,,,,,,,,,,,,,,,,,,,,,,,,,,,,,,,,,,,,,,,,,,,,,,,,,,,,,,,,,,,,,,,,,,,,,,,,,,,,,,,,,,,,,,,,,,,,,,,,,,,,,,,,,,,,,,,,,,,,,,,,,,,,,,,,,,,,,,,,,,,,,,,,,,,,,,,,,,,,,,,,,,,,,,,,,,,,,,,,,,,,,,,,,,,,,,,,,,,,,,,,,,,,,,,,,,,,,,,,,,,,,,,,,,,,,,,,,,,,,,,,,,,,,,,,,,,,,,,,,,,,,,,,,,,,,,,,,,,,,,,,,,,,,,,,,,,,,,,,,,,,,,,,,,,,,,,,,,,,,,,,,,,,,,,,,,,,,,,,,,,,,,,,,,,,,,,,,,,,,,,,,,,,,,,,,,,,,,,,,,,,,,,,,,,,,,,,,,,,,,,,,,,,,,,,E
73,19,74,19,75,19,76,19,77,19,78,19,55,20,56,20,57,20,58,20,59,20,60,20,61,20,62,20,63,20,64,20,65,20,66,20,67,20,68,20,69,20,70,20,71,20,72,20,79,20,80,20,81,20,82,20,83,20,37,21,38,21,39,21,40,21,41,21,42,21,43,21,44,21,45,21,46,21,47,21,48,21,49,21,50,21,51,21,52,21,53,21,54,21,83,21,34,22,35,22,36,22,83,22,34,23,83,23,33,24,34,24,79,24,80,24,81,24,82,24,83,24,34,25,69,25,70,25,71,25,72,25,73,25,74,25,75,25,76,25,77,25,78,25,34,26,35,26,36,26,47,26,48,26,49,26,50,26,51,26,52,26,53,26,54,26,55,26,56,26,57,26,58,26,59,26,60,26,61,26,62,26,63,26,69,26,37,27,38,27,39,27,40,27,46,27,63,27,69,27,40,28,45,28,63,28,69,28,40,29,45,29,63,29,69,29,40,30,45,30,63,30,69,30,40,31,45,31,63,31,69,31,40,32,46,32,63,32,69,32,40,33,46,33,63,33,69,33,40,34,46,34,63,34,69,34,40,35,46,35,63,35,69,35,40,36,46,36,63,36,69,36,41,37,46,37,63,37,69,37,41,38,46,38,63,38,69,38,41,39,46,39,63,39,69,39,41,40,46,40,63,40,69,40,41,41,46,41,63,41,69,41,41,42,47,42,63,42,69,42,41,43,47,43,48,43,49,43,50,43,51,43,52,43,53,43,54,43,55,43,56,43,57,43,58,43,59,43,60,43,61,43,62,43,63,43,68,43,41,44,68,44,41,45,68,45,40,46,41,46,68,46,40,47,67,47,68,47,40,48,63,48,64,48,65,48,66,48,67,48,39,49,40,49,45,49,46,49,47,49,48,49,49,49,50,49,51,49,52,49,53,49,54.0,49.0,55.0,49.0,56.0,49.0,57.0,49.0,58.0,49.0,59.0,49.0,60.0,49.0,61.0,49.0,62.0,49.0,38.0,50.0,39.0,50.0,45.0,50.0,38.0,51.0,44.0,51.0,45.0,51.0,37.0,52.0,38.0,52.0,44.0,52.0,37.0,53.0,43.0,53.0,44.0,53.0,37.0,54.0,43.0,54.0,36.0,55.0,42.0,55.0,35.0,56.0,36.0,56.0,42.0,56.0,34.0,57.0,35.0,57.0,41.0,57.0,34.0,58.0,41.0,58.0,34.0,59.0,41.0,59.0,34.0,60.0,41.0,60.0,42.0,60.0,43.0,60.0,35.0,61.0,43.0,61.0,44.0,61.0,45.0,61.0,35.0,62.0,36.0,62.0,45.0,62.0,46.0,62.0,36.0,63.0,37.0,63.0,47.0,63.0,48.0,63.0,38.0,64.0,39.0,64.0,49.0,64.0,50.0,64.0,40.0,65.0,41.0,65.0,51.0,65.0,52.0,65.0,53.0,65.0,54.0,65.0,42.0,66.0,43.0,66.0,54.0,66.0,55.0,66.0,56.0,66.0,57.0,66.0,58.0,66.0,59.0,66.0,60.0,66.0,61.0,66.0,62.0,66.0,63.0,66.0,44.0,67.0,45.0,67.0,64.0,67.0,65.0,67.0,66.0,67.0,67.0,67.0,68.0,67.0,45.0,68.0,46.0,68.0,68.0,68.0,47.0,69.0,48.0,69.0,49.0,69.0,68.0,69.0,50.0,70.0,51.0,70.0,52.0,70.0,53.0,70.0,54.0,70.0,68.0,70.0,54.0,71.0,55.0,71.0,56.0,71.0,57.0,71.0,58.0,71.0,59.0,71.0,60.0,71.0,64.0,71.0,65.0,71.0,66.0,71.0,67.0,71.0,68.0,71.0,61.0,72.0,62.0,72.0,63.0,72.0,,,,,,,,,,,,,,,,,,,,,,,,,,,,,,,,,,,,,,,,,,,,,,,,,,,,,,,,,,,,,,,,,,,,,,,,,,,,,,,,,,,,,,,,,,,,,,,,,,,,,,,,,,,,,,,,,,,,,,,,,,,,,,,,,,,,,,,,,,,,,,,,,,,,,,,,,,,,,,,,,,,,,,,,,,,,,,,,,,,,,,,,,,,,,,,,,,,,,,,,,,,,,,,,,,,,,,,,,,,,,,,,,,,,,,,,,,,,,,,,,,,,,,,,,,,,,,,,,,,,,,,,,,,,,,,,,,,,,,,,,,,,,,,,,,,,,,,,,,,,,,,,,,,,,,,,,,,,,,,,,,,,,,,,,,,,,,,,,,,,,,,,,,,,,,,,,,,,,G
60,11,61,11,62,11,63,11,64,11,65,11,66,11,67,11,68,11,69,11,70,11,71,11,72,11,73,11,74,11,35,12,36,12,37,12,38,12,39,12,40,12,55,12,56,12,57,12,58,12,59,12,75,12,76,12,77,12,32,13,33,13,34,13,41,13,42,13,43,13,44,13,45,13,46,13,47,13,48,13,49,13,50,13,51,13,52,13,53,13,54,13,77,13,32,14,77,14,32,15,77,15,32,16,75,16,76,16,77,16,32,17,33,17,34,17,56,17,57,17,58,17,59,17,60,17,61,17,62,17,63,17,64,17,65,17,66,17,73,17,74,17,34,18,35,18,36,18,42,18,43,18,44,18,45,18,46,18,47,18,51,18,52,18,53,18,54,18,55,18,66,18,73,18,36,19,41,19,42,19,48,19,49,19,50,19,66,19,67,19,73,19,36,20,41,20,67,20,73,20,36,21,41,21,67,21,73,21,36,22,41,22,68,22,73,22,36,23,42,23,68,23,73,23,36,24,42,24,68,24,74,24,37,25,42,25,68,25,74,25,37,26,42,26,69,26,74,26,37,27,42,27,69,27,74,27,37,28,42,28,69,28,74,28,37,29,43,29,69,29,74,29,37,30,43,30,69,30,74,30,38,31,43,31,69,31,74,31,38,32,44,32,69,32,75,32,38,33,44,33,45,33,69,33,75,33,38,34,39,34,45,34,46,34,69,34,75,34,39,35,46,35,47,35,69,35,75,35,39,36,40,36,47,36,48,36,69,36,74,36,41,37,42,37,48,37,49,37,69,37,74,37,42,38,49,38,50,38,51,38,52,38,53,38,54,38,55,38,56,38,57,38,58,38,59,38,60,38,61,38,62,38,63,38,64,38,65,38,66,38,67,38,68,38,69,38,74,38,42,39,74,39,41,40,42,40,74,40,41,41,74,41,40.0,42.0,73.0,42.0,39.0,43.0,40.0,43.0,70.0,43.0,71.0,43.0,72.0,43.0,73.0,43.0,37.0,44.0,38.0,44.0,51.0,44.0,52.0,44.0,53.0,44.0,54.0,44.0,55.0,44.0,56.0,44.0,57.0,44.0,58.0,44.0,59.0,44.0,60.0,44.0,61.0,44.0,62.0,44.0,63.0,44.0,64.0,44.0,65.0,44.0,66.0,44.0,67.0,44.0,68.0,44.0,69.0,44.0,70.0,44.0,36.0,45.0,37.0,45.0,48.0,45.0,49.0,45.0,50.0,45.0,36.0,46.0,44.0,46.0,45.0,46.0,46.0,46.0,47.0,46.0,48.0,46.0,35.0,47.0,42.0,47.0,43.0,47.0,44.0,47.0,34.0,48.0,35.0,48.0,41.0,48.0,42.0,48.0,33.0,49.0,34.0,49.0,40.0,49.0,41.0,49.0,33.0,50.0,37.0,50.0,40.0,50.0,32.0,51.0,33.0,51.0,39.0,51.0,32.0,52.0,38.0,52.0,39.0,52.0,32.0,53.0,38.0,53.0,31.0,54.0,37.0,54.0,31.0,55.0,37.0,55.0,31.0,56.0,37.0,56.0,31.0,57.0,37.0,57.0,38.0,57.0,31.0,58.0,39.0,58.0,40.0,58.0,31.0,59.0,41.0,59.0,42.0,59.0,31.0,60.0,32.0,60.0,42.0,60.0,43.0,60.0,33.0,61.0,34.0,61.0,35.0,61.0,43.0,61.0,44.0,61.0,45.0,61.0,67.0,61.0,68.0,61.0,69.0,61.0,70.0,61.0,71.0,61.0,72.0,61.0,73.0,61.0,74.0,61.0,75.0,61.0,35.0,62.0,36.0,62.0,37.0,62.0,45.0,62.0,46.0,62.0,47.0,62.0,48.0,62.0,49.0,62.0,61.0,62.0,62.0,62.0,63.0,62.0,64.0,62.0,65.0,62.0,66.0,62.0,75.0,62.0,37.0,63.0,38.0,63.0,49.0,63.0,50.0,63.0,51.0,63.0,52.0,63.0,53.0,63.0,54.0,63.0,55.0,63.0,56.0,63.0,57.0,63.0,58.0,63.0,59.0,63.0,60.0,63.0,75.0,63.0,39.0,64.0,40.0,64.0,75.0,64.0,40.0,65.0,41.0,65.0,73.0,65.0,74.0,65.0,75.0,65.0,41.0,66.0,42.0,66.0,43.0,66.0,69.0,66.0,70.0,66.0,71.0,66.0,72.0,66.0,73.0,66.0,43.0,67.0,44.0,67.0,45.0,67.0,46.0,67.0,47.0,67.0,62.0,67.0,63.0,67.0,64.0,67.0,65.0,67.0,66.0,67.0,67.0,67.0,68.0,67.0,48.0,68.0,49.0,68.0,50.0,68.0,51.0,68.0,52.0,68.0,53.0,68.0,54.0,68.0,55.0,68.0,56.0,68.0,57.0,68.0,58.0,68.0,59.0,68.0,60.0,68.0,61.0,68.0,,,,,,,,,,,,,,,,,,,,,,,,,,,,,,,,,,,,,,,,,,,,,,,,,,,,,,,,,,,,,,,,,,,,,,,,,,,,,,,,,,,,,,,,,,,,,,,,,,,,,,,,,,,,,,,,,,,,,,,,,,,,,,,,,,,,,,,,,,,,,,,,,,,,,,,,,,,,,,,,,,,,,,,,,,,,,,,,,,,,,,,,,,,,,,,,,,,,,,,,,,,,,,,,,,,,,,,,,,,,,,,,,,,,,,,,,G
54,38,55,38,56,38,50,39,51,39,52,39,53,39,57,39,58,39,59,39,60,39,61,39,15,40,16,40,17,40,18,40,19,40,20,40,21,40,22,40,23,40,24,40,49,40,50,40,61,40,62,40,13,41,14,41,25,41,26,41,27,41,48,41,49,41,62,41,63,41,12,42,13,42,27,42,47,42,48,42,63,42,64,42,11,43,12,43,27,43,47,43,64,43,65,43,9,44,10,44,27,44,47,44,52,44,53,44,54,44,55,44,56,44,57,44,58,44,59,44,65,44,9,45,16,45,17,45,18,45,19,45,20,45,21,45,22,45,27,45,47,45,52,45,59,45,60,45,66,45,8,46,15,46,16,46,22,46,28,46,47,46,52,46,60,46,61,46,66,46,8,47,13,47,14,47,15,47,22,47,28,47,46,47,52,47,61,47,66,47,67,47,8,48,21,48,22,48,27,48,46,48,52,48,61,48,62,48,67,48,8,49,13,49,14,49,15,49,16,49,17,49,18,49,19,49,20,49,27,49,46,49,52,49,62,49,67,49,68,49,8,50,27,50,46,50,52,50,62,50,68,50,8,51,27,51,42,51,43,51,44,51,45,51,46,51,52,51,53,51,54,51,63,51,69,51,7,52,26,52,27,52,38,52,39,52,40,52,41,52,54,52,55,52,63,52,69,52,7,53,22,53,23,53,24,53,25,53,26,53,38,53,55,53,64,53,69,53,7,54,13,54,14,54,15,54,16,54,17,54,18,54,19,54,20,54,21,54,38,54,55,54,64,54,69,54,7,55,13,55,38,55,39,55,55,55,64,55,69,55,7,56,13,56,40,56,41,56,42,56,43,56,44,56,52,56,53,56,54,56,55,56,64,56,70,56,7,57,13,57,45,57,46,57,47,57,48,57,49,57,50,57,51,57,52,57,64,57,70,57,7,58,13.0,58.0,64.0,58.0,70.0,58.0,7.0,59.0,13.0,59.0,64.0,59.0,70.0,59.0,7.0,60.0,13.0,60.0,64.0,60.0,70.0,60.0,7.0,61.0,13.0,61.0,64.0,61.0,69.0,61.0,7.0,62.0,13.0,62.0,64.0,62.0,69.0,62.0,8.0,63.0,13.0,63.0,64.0,63.0,69.0,63.0,8.0,64.0,13.0,64.0,64.0,64.0,69.0,64.0,8.0,65.0,13.0,65.0,63.0,65.0,64.0,65.0,69.0,65.0,8.0,66.0,13.0,66.0,63.0,66.0,69.0,66.0,8.0,67.0,14.0,67.0,63.0,67.0,68.0,67.0,9.0,68.0,14.0,68.0,15.0,68.0,62.0,68.0,68.0,68.0,9.0,69.0,15.0,69.0,61.0,69.0,62.0,69.0,68.0,69.0,10.0,70.0,16.0,70.0,60.0,70.0,61.0,70.0,67.0,70.0,10.0,71.0,16.0,71.0,17.0,71.0,59.0,71.0,60.0,71.0,66.0,71.0,67.0,71.0,11.0,72.0,17.0,72.0,18.0,72.0,19.0,72.0,20.0,72.0,21.0,72.0,22.0,72.0,23.0,72.0,24.0,72.0,25.0,72.0,26.0,72.0,27.0,72.0,28.0,72.0,29.0,72.0,30.0,72.0,31.0,72.0,32.0,72.0,33.0,72.0,34.0,72.0,35.0,72.0,36.0,72.0,37.0,72.0,38.0,72.0,39.0,72.0,40.0,72.0,41.0,72.0,42.0,72.0,43.0,72.0,44.0,72.0,45.0,72.0,46.0,72.0,47.0,72.0,48.0,72.0,49.0,72.0,50.0,72.0,51.0,72.0,52.0,72.0,53.0,72.0,54.0,72.0,55.0,72.0,56.0,72.0,57.0,72.0,58.0,72.0,59.0,72.0,66.0,72.0,11.0,73.0,12.0,73.0,65.0,73.0,12.0,74.0,64.0,74.0,65.0,74.0,13.0,75.0,63.0,75.0,64.0,75.0,13.0,76.0,14.0,76.0,62.0,76.0,63.0,76.0,14.0,77.0,15.0,77.0,16.0,77.0,17.0,77.0,18.0,77.0,58.0,77.0,59.0,77.0,60.0,77.0,61.0,77.0,62.0,77.0,19.0,78.0,20.0,78.0,21.0,78.0,22.0,78.0,23.0,78.0,24.0,78.0,25.0,78.0,26.0,78.0,27.0,78.0,28.0,78.0,29.0,78.0,30.0,78.0,31.0,78.0,32.0,78.0,33.0,78.0,34.0,78.0,35.0,78.0,36.0,78.0,37.0,78.0,38.0,78.0,39.0,78.0,40.0,78.0,41.0,78.0,42.0,78.0,43.0,78.0,44.0,78.0,45.0,78.0,46.0,78.0,47.0,78.0,48.0,78.0,49.0,78.0,50.0,78.0,51.0,78.0,52.0,78.0,53.0,78.0,54.0,78.0,55.0,78.0,56.0,78.0,57.0,78.0,,,,,,,,,,,,,,,,,,,,,,,,,,,,,,,,,,,,,,,,,,,,,,,,,,,,,,,,,,,,,,,,,,,,,,,,,,,,,,,,,,,,,,,,,,,,,,,,,,,,,,,,,,,,,,,,,,,,,,,,,,,,,,,,,,,,,,,,,,,,,,,,,,,,,,,,,,,,,,,,,,,,,,,,,,,,,,,,,,,,,,,,,,,,,,,,,,,,,,,,,,,,,,,,,,,,,,,,,,,,,,,,,,,,,,,,,,,I
28,28,29,28,30,28,31,28,32,28,33,28,34,28,35,28,27,29,28,29,36,29,37,29,26,30,27,30,38,30,39,30,62,30,63,30,64,30,65,30,66,30,67,30,68,30,69,30,70,30,26,31,39,31,40,31,61,31,62,31,70,31,71,31,25,32,26,32,40,32,61,32,71,32,72,32,25,33,31,33,32,33,33,33,34,33,40,33,60,33,61,33,72,33,73,33,25,34,30,34,31,34,34,34,35,34,40,34,60,34,73,34,25,35,30,35,35,35,40,35,60,35,65,35,66,35,67,35,68,35,74,35,25,36,30,36,35,36,41,36,60,36,65,36,68,36,74,36,25,37,30,37,35,37,40,37,60,37,65,37,69,37,74,37,75,37,24,38,30,38,35,38,40,38,59,38,65,38,69,38,75,38,24,39,30,39,35,39,40,39,58,39,59,39,66,39,67,39,70,39,75,39,24,40,30,40,34,40,35,40,40,40,54,40,55,40,56,40,57,40,67,40,68,40,70,40,75,40,24,41,30,41,31,41,32,41,33,41,34,41,40,41,53,41,54,41,68,41,71,41,76,41,24,42,40,42,53,42,68,42,71,42,76,42,25,43,39,43,53,43,68,43,69,43,71,43,76,43,25,44,39,44,54,44,55,44,56,44,57,44,63,44,64,44,65,44,66,44,67,44,68,44,71,44,76,44,25,45,38,45,39,45,58,45,59,45,60,45,61,45,62,45,71,45,76,45,25,46,32,46,33,46,34,46,35,46,36,46,37,46,38,46,71,46,76,46,25,47,32,47,71,47,77,47,25,48,26,48,31,48,32,48,71,48,77,48,26,49,32,49,33,49,71,49,77,49,26,50,27,50,33,50,71,50,77,50,27,51,28,51,33,51,71,51,77,51,28,52,33,52,71,52,77,52,28,53,34,53,71,53,77,53,28.0,54.0,34.0,54.0,71.0,54.0,77.0,54.0,29.0,55.0,34.0,55.0,71.0,55.0,76.0,55.0,29.0,56.0,34.0,56.0,71.0,56.0,76.0,56.0,29.0,57.0,34.0,57.0,71.0,57.0,76.0,57.0,29.0,58.0,35.0,58.0,71.0,58.0,76.0,58.0,30.0,59.0,35.0,59.0,36.0,59.0,70.0,59.0,71.0,59.0,76.0,59.0,30.0,60.0,36.0,60.0,70.0,60.0,76.0,60.0,31.0,61.0,37.0,61.0,70.0,61.0,75.0,61.0,31.0,62.0,32.0,62.0,37.0,62.0,38.0,62.0,70.0,62.0,75.0,62.0,32.0,63.0,38.0,63.0,39.0,63.0,69.0,63.0,75.0,63.0,33.0,64.0,39.0,64.0,69.0,64.0,74.0,64.0,33.0,65.0,34.0,65.0,40.0,65.0,68.0,65.0,74.0,65.0,34.0,66.0,35.0,66.0,40.0,66.0,41.0,66.0,68.0,66.0,73.0,66.0,74.0,66.0,35.0,67.0,41.0,67.0,42.0,67.0,67.0,67.0,73.0,67.0,36.0,68.0,42.0,68.0,43.0,68.0,44.0,68.0,45.0,68.0,46.0,68.0,47.0,68.0,48.0,68.0,49.0,68.0,50.0,68.0,66.0,68.0,67.0,68.0,73.0,68.0,36.0,69.0,37.0,69.0,51.0,69.0,52.0,69.0,53.0,69.0,54.0,69.0,55.0,69.0,56.0,69.0,57.0,69.0,58.0,69.0,59.0,69.0,60.0,69.0,61.0,69.0,62.0,69.0,63.0,69.0,64.0,69.0,65.0,69.0,66.0,69.0,72.0,69.0,37.0,70.0,38.0,70.0,72.0,70.0,38.0,71.0,39.0,71.0,71.0,71.0,39.0,72.0,40.0,72.0,70.0,72.0,71.0,72.0,41.0,73.0,42.0,73.0,43.0,73.0,44.0,73.0,45.0,73.0,68.0,73.0,69.0,73.0,46.0,74.0,47.0,74.0,48.0,74.0,49.0,74.0,50.0,74.0,51.0,74.0,52.0,74.0,53.0,74.0,54.0,74.0,55.0,74.0,56.0,74.0,57.0,74.0,58.0,74.0,63.0,74.0,64.0,74.0,65.0,74.0,66.0,74.0,67.0,74.0,59.0,75.0,60.0,75.0,61.0,75.0,62.0,75.0,,,,,,,,,,,,,,,,,,,,,,,,,,,,,,,,,,,,,,,,,,,,,,,,,,,,,,,,,,,,,,,,,,,,,,,,,,,,,,,,,,,,,,,,,,,,,,,,,,,,,,,,,,,,,,,,,,,,,,,,,,,,,,,,,,,,,,,,,,,,,,,,,,,,,,,,,,,,,,,,,,,,,,,,,,,,,,,,,,,,,,,,,,,,,,,,,,,,,,,,,,,,,,,,,,,,,,,,,,,,,,,,,,,,,,,,,,,,,,,,,,,,,,,,,,,,,,,,,,,,,,,,,,,,,,,,,,,,,,,,,,,,,,,,,,,,,,,,,,,I
39,21,40,21,41,21,42,21,43,21,44,21,45,21,46,21,47,21,48,21,49,21,36,22,37,22,38,22,39,22,49,22,50,22,51,22,52,22,33,23,34,23,35,23,36,23,52,23,53,23,54,23,31,24,32,24,33,24,55,24,56,24,30,25,31,25,57,25,58,25,30,26,40,26,41,26,42,26,43,26,44,26,45,26,46,26,47,26,48,26,59,26,60,26,29,27,37,27,38,27,39,27,40,27,48,27,49,27,50,27,51,27,61,27,62,27,28,28,29,28,35,28,36,28,37,28,51,28,52,28,53,28,62,28,63,28,27,29,28,29,34,29,35,29,53,29,54,29,55,29,64,29,65,29,26,30,27,30,33,30,34,30,56,30,57,30,66,30,67,30,26,31,32,31,33,31,58,31,59,31,67,31,68,31,26,32,31,32,32,32,59,32,60,32,68,32,69,32,26,33,31,33,60,33,61,33,62,33,69,33,26,34,31,34,32,34,62,34,63,34,64,34,70,34,25,35,32,35,33,35,34,35,35,35,36,35,37,35,38,35,39,35,40,35,64,35,65,35,70,35,71,35,25,36,40,36,41,36,65,36,71,36,25,37,41,37,42,37,66,37,72,37,26,38,42,38,43,38,66,38,67,38,72,38,26,39,33,39,34,39,35,39,43,39,67,39,73,39,26,40,33,40,36,40,37,40,38,40,43,40,67,40,68,40,73,40,26,41,32,41,33,41,38,41,43,41,68,41,73,41,74,41,26,42,33,42,34,42,38,42,43,42,68,42,74,42,26,43,27,43,34,43,35,43,36,43,37,43,38,43,43,43,68,43,69,43,74,43,27,44,28,44,43,44,69,44,74,44,28,45,29,45,43,45,69,45,74,45,29,46,30,46,42,46,43,46,69,46,74,46,31,47,32,47,41,47,42,47,69,47,74,47,33.0,48.0,34.0,48.0,35.0,48.0,36.0,48.0,37.0,48.0,38.0,48.0,39.0,48.0,40.0,48.0,67.0,48.0,68.0,48.0,69.0,48.0,74.0,48.0,65.0,49.0,66.0,49.0,67.0,49.0,74.0,49.0,64.0,50.0,65.0,50.0,73.0,50.0,74.0,50.0,52.0,51.0,63.0,51.0,64.0,51.0,72.0,51.0,73.0,51.0,42.0,52.0,43.0,52.0,44.0,52.0,45.0,52.0,46.0,52.0,47.0,52.0,48.0,52.0,49.0,52.0,50.0,52.0,51.0,52.0,53.0,52.0,54.0,52.0,55.0,52.0,56.0,52.0,57.0,52.0,58.0,52.0,59.0,52.0,60.0,52.0,61.0,52.0,62.0,52.0,63.0,52.0,71.0,52.0,72.0,52.0,34.0,53.0,35.0,53.0,36.0,53.0,37.0,53.0,38.0,53.0,39.0,53.0,40.0,53.0,41.0,53.0,69.0,53.0,70.0,53.0,32.0,54.0,33.0,54.0,68.0,54.0,69.0,54.0,31.0,55.0,32.0,55.0,67.0,55.0,68.0,55.0,31.0,56.0,66.0,56.0,67.0,56.0,31.0,57.0,37.0,57.0,38.0,57.0,39.0,57.0,40.0,57.0,41.0,57.0,42.0,57.0,43.0,57.0,44.0,57.0,45.0,57.0,46.0,57.0,47.0,57.0,48.0,57.0,49.0,57.0,50.0,57.0,51.0,57.0,52.0,57.0,53.0,57.0,54.0,57.0,55.0,57.0,56.0,57.0,57.0,57.0,58.0,57.0,59.0,57.0,60.0,57.0,61.0,57.0,62.0,57.0,63.0,57.0,64.0,57.0,65.0,57.0,66.0,57.0,31.0,58.0,36.0,58.0,37.0,58.0,31.0,59.0,36.0,59.0,31.0,60.0,36.0,60.0,37.0,60.0,31.0,61.0,37.0,61.0,38.0,61.0,39.0,61.0,40.0,61.0,31.0,62.0,40.0,62.0,41.0,62.0,42.0,62.0,43.0,62.0,44.0,62.0,45.0,62.0,46.0,62.0,47.0,62.0,48.0,62.0,49.0,62.0,50.0,62.0,51.0,62.0,52.0,62.0,53.0,62.0,54.0,62.0,55.0,62.0,56.0,62.0,57.0,62.0,58.0,62.0,59.0,62.0,60.0,62.0,61.0,62.0,62.0,62.0,63.0,62.0,64.0,62.0,65.0,62.0,66.0,62.0,67.0,62.0,68.0,62.0,69.0,62.0,70.0,62.0,71.0,62.0,72.0,62.0,31.0,63.0,32.0,63.0,73.0,63.0,74.0,63.0,75.0,63.0,32.0,64.0,33.0,64.0,75.0,64.0,33.0,65.0,34.0,65.0,35.0,65.0,75.0,65.0,76.0,65.0,36.0,66.0,37.0,66.0,38.0,66.0,39.0,66.0,75.0,66.0,40.0,67.0,41.0,67.0,42.0,67.0,43.0,67.0,44.0,67.0,45.0,67.0,73.0,67.0,74.0,67.0,75.0,67.0,46.0,68.0,47.0,68.0,48.0,68.0,49.0,68.0,50.0,68.0,51.0,68.0,52.0,68.0,53.0,68.0,54.0,68.0,55.0,68.0,56.0,68.0,57.0,68.0,58.0,68.0,59.0,68.0,60.0,68.0,61.0,68.0,62.0,68.0,63.0,68.0,64.0,68.0,65.0,68.0,66.0,68.0,67.0,68.0,68.0,68.0,69.0,68.0,70.0,68.0,71.0,68.0,72.0,68.0,,,,,,,,,,,,,,,,,,,,,,,,,,,,,,,,,,,,,,,,,,,,,,,,,,,,,,,,,,,,,,,,,,,,,,,,,,,,,,,,,,,,,,,,,,,,,,,,,,,,,,,,,,,,,,,,,,,,,,,,,,,,,,,,,,,,,,,,,,,,,,,,,,,,,,,,,,,,,,,,,,,,,,,,,,,K
51,25,45,26,46,26,47,26,48,26,49,26,50,26,52,26,53,26,54,26,55,26,56,26,57,26,42,27,43,27,44,27,57,27,58,27,59,27,60,27,40,28,41,28,60,28,61,28,62,28,38,29,39,29,62,29,63,29,36,30,37,30,63,30,64,30,34,31,35,31,46,31,47,31,48,31,49,31,50,31,51,31,52,31,53,31,54,31,55,31,56,31,64,31,33,32,34,32,43,32,44,32,45,32,57,32,58,32,59,32,64,32,33,33,40,33,41,33,42,33,43,33,59,33,65,33,32,34,40,34,59,34,60,34,65,34,32,35,40,35,41,35,42,35,43,35,44,35,60,35,65,35,32,36,44,36,45,36,60,36,65,36,32,37,45,37,60,37,65,37,32,38,45,38,60,38,65,38,31,39,36,39,37,39,38,39,39,39,45,39,60,39,66,39,31,40,36,40,39,40,45,40,60,40,66,40,32,41,36,41,37,41,38,41,39,41,45,41,60,41,66,41,32,42,37,42,45,42,60,42,66,42,32,43,44,43,60,43,66,43,32,44,42,44,43,44,44,44,60,44,65,44,32,45,33,45,40,45,41,45,42,45,60,45,65,45,33,46,34,46,35,46,36,46,37,46,38,46,39,46,40,46,59,46,60,46,65,46,58,47,59,47,65,47,56,48,57,48,64,48,65,48,47,49,48,49,49,49,50,49,51,49,52,49,53,49,54,49,55,49,56,49,64,49,41,50,42,50,43,50,44,50,45,50,46,50,63,50,37,51,38,51,39,51,40,51,62,51,63,51,35,52,36,52,37,52,60,52,61,52,35,53,58,53,59,53,34,54,49,54,50,54,51,54,52,54,53,54,54,54,55,54,56,54,57,54,33,55,34,55,41,55,42,55,43,55,44,55,45,55,46,55,47,55,48,55,33,56,39,56,40,56,32.0,57.0,33.0,57.0,38.0,57.0,32.0,58.0,38.0,58.0,32.0,59.0,38.0,59.0,39.0,59.0,52.0,59.0,53.0,59.0,54.0,59.0,55.0,59.0,56.0,59.0,57.0,59.0,58.0,59.0,59.0,59.0,60.0,59.0,61.0,59.0,62.0,59.0,63.0,59.0,64.0,59.0,65.0,59.0,32.0,60.0,39.0,60.0,40.0,60.0,41.0,60.0,42.0,60.0,43.0,60.0,44.0,60.0,45.0,60.0,46.0,60.0,47.0,60.0,48.0,60.0,49.0,60.0,50.0,60.0,51.0,60.0,66.0,60.0,67.0,60.0,68.0,60.0,69.0,60.0,70.0,60.0,32.0,61.0,70.0,61.0,32.0,62.0,70.0,62.0,32.0,63.0,33.0,63.0,69.0,63.0,70.0,63.0,33.0,64.0,34.0,64.0,35.0,64.0,36.0,64.0,37.0,64.0,65.0,64.0,66.0,64.0,67.0,64.0,68.0,64.0,69.0,64.0,38.0,65.0,39.0,65.0,40.0,65.0,41.0,65.0,42.0,65.0,43.0,65.0,44.0,65.0,45.0,65.0,46.0,65.0,47.0,65.0,48.0,65.0,49.0,65.0,50.0,65.0,51.0,65.0,52.0,65.0,53.0,65.0,54.0,65.0,55.0,65.0,56.0,65.0,57.0,65.0,58.0,65.0,59.0,65.0,60.0,65.0,61.0,65.0,62.0,65.0,63.0,65.0,64.0,65.0,,,,,,,,,,,,,,,,,,,,,,,,,,,,,,,,,,,,,,,,,,,,,,,,,,,,,,,,,,,,,,,,,,,,,,,,,,,,,,,,,,,,,,,,,,,,,,,,,,,,,,,,,,,,,,,,,,,,,,,,,,,,,,,,,,,,,,,,,,,,,,,,,,,,,,,,,,,,,,,,,,,,,,,,,,,,,,,,,,,,,,,,,,,,,,,,,,,,,,,,,,,,,,,,,,,,,,,,,,,,,,,,,,,,,,,,,,,,,,,,,,,,,,,,,,,,,,,,,,,,,,,,,,,,,,,,,,,,,,,,,,,,,,,,,,,,,,,,,,,,,,,,,,,,,,,,,,,,,,,,,,,,,,,,,,,,,,,,,,,,,,,,,,,,,,,,,,,,,,,,,,,,,,,,,,,,,,,,,,,,,,,,,,,,,,,,,,,,,,,,,K
35,32,36,32,37,32,38,32,39,32,40,32,41,32,42,32,43,32,44,32,45,32,32,33,33,33,34,33,46,33,47,33,48,33,49,33,50,33,51,33,52,33,53,33,54,33,55,33,56,33,57,33,58,33,59,33,60,33,61,33,62,33,63,33,32,34,64,34,65,34,66,34,67,34,68,34,31,35,32,35,68,35,32,36,68,36,32,37,33,37,34,37,68,37,35,38,36,38,37,38,38,38,39,38,40,38,41,38,42,38,43,38,44,38,45,38,46,38,47,38,48,38,49,38,58,38,59,38,60,38,61,38,62,38,64,38,65,38,66,38,67,38,68,38,49,39,50,39,58,39,63,39,50,40,51,40,57,40,58,40,51,41,52,41,58,41,52,42,53,42,59,42,53,43,54,43,59,43,54,44,59,44,54,45,59,45,54,46,55,46,60,46,55,47,60,47,55,48,60,48,55,49,60,49,39,50,40,50,41,50,42,50,43,50,55,50,60,50,37,51,38,51,43,51,55,51,60,51,36,52,37,52,43,52,55,52,60,52,34,53,35,53,43,53,55,53,61,53,34,54,42,54,43,54,55,54,61,54,34,55,41,55,42,55,55,55,61,55,34,56,39,56,40,56,55,56,61,56,34,57,39,57,55,57,61,57,34,58,39,58,40,58,55,58,61,58,34,59,40,59,55,59,61,59,34,60,41,60,55,60,61,60,34,61,35,61,41,61,42,61,43,61,55,61,61,61,35,62,36,62,43,62,44,62,45,62,46,62,55,62,61,62,36,63,37,63,46,63,47,63,48,63,55,63,61,63,37,64,38,64,48,64,49,64,55,64,60,64,38,65,39,65,50,65,51,65,52,65,53,65,54,65,55,65,60,65,40,66,41,66,42,66,60,66,42,67,43,67,44,67,60,67,45,68,46,68,59,68,60,68,47,69,48.0,69.0,58.0,69.0,59.0,69.0,49.0,70.0,50.0,70.0,51.0,70.0,52.0,70.0,53.0,70.0,54.0,70.0,55.0,70.0,56.0,70.0,57.0,70.0,,,,,,,,,,,,,,,,,,,,,,,,,,,,,,,,,,,,,,,,,,,,,,,,,,,,,,,,,,,,,,,,,,,,,,,,,,,,,,,,,,,,,,,,,,,,,,,,,,,,,,,,,,,,,,,,,,,,,,,,,,,,,,,,,,,,,,,,,,,,,,,,,,,,,,,,,,,,,,,,,,,,,,,,,,,,,,,,,,,,,,,,,,,,,,,,,,,,,,,,,,,,,,,,,,,,,,,,,,,,,,,,,,,,,,,,,,,,,,,,,,,,,,,,,,,,,,,,,,,,,,,,,,,,,,,,,,,,,,,,,,,,,,,,,,,,,,,,,,,,,,,,,,,,,,,,,,,,,,,,,,,,,,,,,,,,,,,,,,,,,,,,,,,,,,,,,,,,,,,,,,,,,,,,,,,,,,,,,,,,,,,,,,,,,,,,,,,,,,,,,,,,,,,,,,,,,,,,,,,,,,,,,,,,,,,,,,,,,,,,,,,,,,,,,,,,,,,,,,,,,,,,,,,,,,,,,,,,,,,,,,,,,,,,,,,,,,,,,,,,,,,,,,,,,,,,,,,,,,,,,,,,,,,,,,,,,,,,,,,,,,,,,,,,,M
73,20,62,21,63,21,64,21,65,21,66,21,67,21,68,21,69,21,70,21,71,21,72,21,74,21,75,21,76,21,77,21,78,21,53,22,54,22,55,22,56,22,57,22,58,22,59,22,60,22,61,22,78,22,79,22,27,23,28,23,29,23,30,23,31,23,32,23,33,23,34,23,35,23,36,23,37,23,38,23,39,23,40,23,41,23,42,23,43,23,44,23,45,23,46,23,47,23,48,23,49,23,50,23,51,23,52,23,79,23,24,24,25,24,26,24,79,24,24,25,75,25,76,25,77,25,78,25,79,25,23,26,24,26,66,26,67,26,68,26,69,26,70,26,71,26,72,26,73,26,74,26,24,27,59,27,60,27,61,27,62,27,63,27,64,27,65,27,24,28,25,28,26,28,45,28,46,28,47,28,48,28,49,28,50,28,51,28,52,28,53,28,59,28,27,29,28,29,29,29,30,29,31,29,32,29,33,29,34,29,35,29,36,29,37,29,38,29,39,29,40,29,41,29,42,29,43,29,44,29,53,29,59,29,53,30,59,30,53,31,59,31,53,32,59,32,53,33,59,33,53,34,59,34,53,35,59,35,53,36,59,36,53,37,59,37,53,38,59,38,53,39,59,39,53,40,59,40,54,41,59,41,54,42,59,42,54,43,59,43,54,44,59,44,54,45,59,45,54,46,59,46,54,47,59,47,54,48,59,48,54,49,60,49,54,50,60,50,54,51,60,51,54,52,60,52,32,53,33,53,34,53,35,53,36,53,37,53,38,53,54,53,60,53,31,54,32,54,38,54,54,54,60,54,30,55,31,55,38,55,54,55,60,55,29,56,30,56,37,56,38,56,54,56,60,56,29,57,36,57,37,57,54,57,60,57,29,58,34,58,35,58,54,58,60,58,29,59,34,59,54,59,60,59,29,60,34,60,54,60,60,60,28.0,61.0,34.0,61.0,54.0,61.0,60.0,61.0,28.0,62.0,34.0,62.0,54.0,62.0,60.0,62.0,28.0,63.0,34.0,63.0,54.0,63.0,60.0,63.0,29.0,64.0,34.0,64.0,54.0,64.0,60.0,64.0,29.0,65.0,34.0,65.0,54.0,65.0,60.0,65.0,29.0,66.0,34.0,66.0,35.0,66.0,54.0,66.0,60.0,66.0,29.0,67.0,35.0,67.0,54.0,67.0,60.0,67.0,29.0,68.0,35.0,68.0,53.0,68.0,54.0,68.0,60.0,68.0,30.0,69.0,35.0,69.0,36.0,69.0,51.0,69.0,52.0,69.0,53.0,69.0,60.0,69.0,30.0,70.0,37.0,70.0,38.0,70.0,39.0,70.0,40.0,70.0,41.0,70.0,42.0,70.0,43.0,70.0,44.0,70.0,45.0,70.0,46.0,70.0,47.0,70.0,48.0,70.0,49.0,70.0,50.0,70.0,51.0,70.0,60.0,70.0,31.0,71.0,60.0,71.0,31.0,72.0,32.0,72.0,60.0,72.0,32.0,73.0,33.0,73.0,60.0,73.0,33.0,74.0,34.0,74.0,52.0,74.0,53.0,74.0,60.0,74.0,35.0,75.0,36.0,75.0,37.0,75.0,38.0,75.0,39.0,75.0,47.0,75.0,48.0,75.0,49.0,75.0,50.0,75.0,51.0,75.0,52.0,75.0,54.0,75.0,60.0,75.0,40.0,76.0,41.0,76.0,42.0,76.0,43.0,76.0,44.0,76.0,45.0,76.0,46.0,76.0,55.0,76.0,59.0,76.0,55.0,77.0,59.0,77.0,55.0,78.0,56.0,78.0,57.0,78.0,58.0,78.0,59.0,78.0,,,,,,,,,,,,,,,,,,,,,,,,,,,,,,,,,,,,,,,,,,,,,,,,,,,,,,,,,,,,,,,,,,,,,,,,,,,,,,,,,,,,,,,,,,,,,,,,,,,,,,,,,,,,,,,,,,,,,,,,,,,,,,,,,,,,,,,,,,,,,,,,,,,,,,,,,,,,,,,,,,,,,,,,,,,,,,,,,,,,,,,,,,,,,,,,,,,,,,,,,,,,,,,,,,,,,,,,,,,,,,,,,,,,,,,,,,,,,,,,,,,,,,,,,,,,,,,,,,,,,,,,,,,,,,,,,,,,,,,,,,,,,,,,,,,,,,,,,,,,,,,,,,,,,,,,,,,,,,,,,,,,,,,,,,,,,,,,,,,,,,,,,,,,,,,,,,,,,,,,,,,,,,,,,,,,,M
31,19,32,19,33,19,34,19,35,19,36,19,37,19,38,19,39,19,40,19,41,19,42,19,43,19,44,19,45,19,46,19,47,19,48,19,49,19,50,19,51,19,52,19,53,19,54,19,55,19,56,19,57,19,58,19,59,19,60,19,61,19,62,19,63,19,28,20,29,20,30,20,64,20,65,20,66,20,67,20,68,20,69,20,28,21,69,21,28,22,69,22,28,23,69,23,28,24,29,24,30,24,31,24,68,24,69,24,31,25,32,25,38,25,39,25,40,25,41,25,42,25,43,25,44,25,45,25,46,25,47,25,48,25,49,25,50,25,51,25,52,25,53,25,54,25,55,25,56,25,57,25,58,25,59,25,60,25,67,25,68,25,32,26,37,26,38,26,60,26,61,26,67,26,32,27,37,27,61,27,67,27,31,28,32,28,37,28,61,28,62,28,68,28,31,29,36,29,37,29,62,29,68,29,31,30,36,30,62,30,63,30,68,30,31,31,36,31,63,31,64,31,68,31,31,32,36,32,64,32,65,32,66,32,67,32,68,32,31,33,36,33,30,34,36,34,30,35,36,35,30,36,36,36,30,37,36,37,30,38,36,38,30,39,36,39,30,40,36,40,46,40,47,40,48,40,49,40,50,40,51,40,52,40,53,40,54,40,55,40,30,41,36,41,42,41,43,41,44,41,45,41,56,41,57,41,30,42,36,42,41,42,42,42,57,42,58,42,30,43,36,43,37,43,38,43,39,43,40,43,58,43,59,43,30,44,59,44,30,45,48,45,49,45,50,45,51,45,52,45,60,45,30,46,45,46,46,46,47,46,48,46,53,46,54,46,60,46,30,47,43,47,44,47,45,47,54,47,55,47,61,47,30,48,39,48,40,48,41,48,42,48,43,48,55,48,61,48,62,48,30,49,36,49,37,49,38,49,56,49,62,49,63.0,49.0,30.0,50.0,36.0,50.0,56.0,50.0,57.0,50.0,64.0,50.0,65.0,50.0,30.0,51.0,36.0,51.0,57.0,51.0,65.0,51.0,30.0,52.0,36.0,52.0,58.0,52.0,65.0,52.0,66.0,52.0,30.0,53.0,36.0,53.0,58.0,53.0,59.0,53.0,66.0,53.0,30.0,54.0,36.0,54.0,59.0,54.0,60.0,54.0,66.0,54.0,30.0,55.0,36.0,55.0,60.0,55.0,61.0,55.0,66.0,55.0,30.0,56.0,36.0,56.0,61.0,56.0,66.0,56.0,30.0,57.0,36.0,57.0,61.0,57.0,66.0,57.0,30.0,58.0,36.0,58.0,61.0,58.0,67.0,58.0,30.0,59.0,36.0,59.0,61.0,59.0,67.0,59.0,30.0,60.0,36.0,60.0,61.0,60.0,67.0,60.0,30.0,61.0,36.0,61.0,61.0,61.0,67.0,61.0,30.0,62.0,36.0,62.0,61.0,62.0,67.0,62.0,30.0,63.0,36.0,63.0,61.0,63.0,67.0,63.0,30.0,64.0,36.0,64.0,37.0,64.0,38.0,64.0,39.0,64.0,40.0,64.0,41.0,64.0,42.0,64.0,43.0,64.0,44.0,64.0,45.0,64.0,46.0,64.0,47.0,64.0,48.0,64.0,49.0,64.0,50.0,64.0,51.0,64.0,52.0,64.0,53.0,64.0,54.0,64.0,55.0,64.0,56.0,64.0,57.0,64.0,58.0,64.0,59.0,64.0,60.0,64.0,61.0,64.0,67.0,64.0,68.0,64.0,30.0,65.0,69.0,65.0,70.0,65.0,71.0,65.0,72.0,65.0,30.0,66.0,72.0,66.0,30.0,67.0,72.0,67.0,30.0,68.0,72.0,68.0,30.0,69.0,68.0,69.0,69.0,69.0,70.0,69.0,71.0,69.0,72.0,69.0,30.0,70.0,36.0,70.0,37.0,70.0,38.0,70.0,39.0,70.0,40.0,70.0,41.0,70.0,42.0,70.0,43.0,70.0,44.0,70.0,45.0,70.0,46.0,70.0,47.0,70.0,48.0,70.0,49.0,70.0,50.0,70.0,51.0,70.0,52.0,70.0,53.0,70.0,54.0,70.0,55.0,70.0,56.0,70.0,57.0,70.0,58.0,70.0,59.0,70.0,60.0,70.0,61.0,70.0,62.0,70.0,63.0,70.0,64.0,70.0,65.0,70.0,66.0,70.0,67.0,70.0,31.0,71.0,35.0,71.0,36.0,71.0,31.0,72.0,32.0,72.0,33.0,72.0,34.0,72.0,35.0,72.0,,,,,,,,,,,,,,,,,,,,,,,,,,,,,,,,,,,,,,,,,,,,,,,,,,,,,,,,,,,,,,,,,,,,,,,,,,,,,,,,,,,,,,,,,,,,,,,,,,,,,,,,,,,,,,,,,,,,,,,,,,,,,,,,,,,,,,,,,,,,,,,,,,,,,,,,,,,,,,,,,,,,,,,,,,,,,,,,,,,,,,,,,,,,,,,,,,,,,,,,,,,,,,,,,,,,,,,,,,,,,,,,,,,,,,,,,,,,,,,,,,,,,,,,,,,,,,,,,,,,,,,,,,,,,,,,,O
42,21,43,21,44,21,45,21,46,21,47,21,48,21,49,21,50,21,51,21,52,21,53,21,54,21,55,21,56,21,57,21,58,21,59,21,60,21,61,21,62,21,63,21,38,22,39,22,40,22,41,22,64,22,65,22,66,22,37,23,38,23,66,23,37,24,66,24,67,24,36,25,37,25,66,25,36,26,64,26,65,26,66,26,36,27,42,27,43,27,44,27,45,27,46,27,47,27,48,27,49,27,50,27,51,27,52,27,53,27,54,27,55,27,56,27,57,27,58,27,59,27,60,27,61,27,62,27,63,27,36,28,41,28,42,28,35,29,36,29,41,29,35,30,41,30,35,31,40,31,35,32,40,32,35,33,40,33,35,34,40,34,35,35,40,35,34,36,40,36,34,37,40,37,34,38,40,38,34,39,40,39,41,39,34,40,41,40,42,40,43,40,44,40,45,40,46,40,47,40,48,40,49,40,50,40,51,40,52,40,53,40,54,40,34,41,55,41,56,41,57,41,58,41,59,41,34,42,59,42,60,42,34,43,60,43,61,43,34,44,62,44,63,44,34,45,63,45,64,45,34,46,40,46,41,46,42,46,43,46,44,46,45,46,46,46,47,46,48,46,49,46,50,46,51,46,52,46,53,46,54,46,55,46,56,46,64,46,34,47,40,47,56,47,57,47,64,47,34,48,40,48,57,48,58,48,64,48,34,49,40,49,58,49,59,49,64,49,34,50,40,50,59,50,65,50,34,51,40,51,59,51,65,51,34,52,40,52,59,52,65,52,34,53,40,53,59,53,65,53,34,54,40,54,59,54,65,54,34,55,40,55,59,55,65,55,34,56,40,56,59,56,64,56,34,57,40,57,41,57,59,57,64,57,33,58,34,58,41,58,42,58,43,58,44,58,45,58,46,58,47,58,48,58,49,58,50,58,51,58,52,58,53.0,58.0,54.0,58.0,55.0,58.0,56.0,58.0,57.0,58.0,58.0,58.0,59.0,58.0,64.0,58.0,32.0,59.0,33.0,59.0,64.0,59.0,31.0,60.0,32.0,60.0,64.0,60.0,32.0,61.0,63.0,61.0,64.0,61.0,32.0,62.0,33.0,62.0,34.0,62.0,35.0,62.0,36.0,62.0,37.0,62.0,38.0,62.0,39.0,62.0,63.0,62.0,39.0,63.0,40.0,63.0,41.0,63.0,42.0,63.0,43.0,63.0,44.0,63.0,59.0,63.0,60.0,63.0,61.0,63.0,62.0,63.0,63.0,63.0,45.0,64.0,46.0,64.0,47.0,64.0,48.0,64.0,49.0,64.0,50.0,64.0,51.0,64.0,52.0,64.0,53.0,64.0,54.0,64.0,55.0,64.0,56.0,64.0,57.0,64.0,58.0,64.0,,,,,,,,,,,,,,,,,,,,,,,,,,,,,,,,,,,,,,,,,,,,,,,,,,,,,,,,,,,,,,,,,,,,,,,,,,,,,,,,,,,,,,,,,,,,,,,,,,,,,,,,,,,,,,,,,,,,,,,,,,,,,,,,,,,,,,,,,,,,,,,,,,,,,,,,,,,,,,,,,,,,,,,,,,,,,,,,,,,,,,,,,,,,,,,,,,,,,,,,,,,,,,,,,,,,,,,,,,,,,,,,,,,,,,,,,,,,,,,,,,,,,,,,,,,,,,,,,,,,,,,,,,,,,,,,,,,,,,,,,,,,,,,,,,,,,,,,,,,,,,,,,,,,,,,,,,,,,,,,,,,,,,,,,,,,,,,,,,,,,,,,,,,,,,,,,,,,,,,,,,,,,,,,,,,,,,,,,,,,,,,,,,,,,,,,,,,,,,,,,,,,,,,,,,,,,,,,,,,,,,,,,,,,,,,,,,,,,,,,,,,,,,,,,,,,,,,,,,,,,,,,,,,,,,,O
40,18,41,18,42,18,43,18,44,18,45,18,46,18,47,18,48,18,49,18,37,19,38,19,39,19,49,19,50,19,51,19,62,19,63,19,64,19,34,20,35,20,36,20,51,20,61,20,62,20,64,20,65,20,32,21,33,21,50,21,51,21,61,21,65,21,66,21,31,22,32,22,50,22,61,22,66,22,30,23,31,23,41,23,42,23,43,23,44,23,49,23,50,23,61,23,66,23,30,24,38,24,39,24,40,24,45,24,46,24,47,24,48,24,49,24,61,24,66,24,29,25,36,25,37,25,38,25,61,25,66,25,29,26,35,26,36,26,60,26,66,26,29,27,34,27,35,27,60,27,66,27,29,28,34,28,60,28,66,28,29,29,34,29,60,29,66,29,28,30,34,30,60,30,66,30,29,31,34,31,60,31,66,31,29,32,34,32,59,32,66,32,29,33,34,33,59,33,66,33,29,34,34,34,35,34,58,34,66,34,29,35,35,35,58,35,65,35,66,35,29,36,30,36,35,36,57,36,65,36,30,37,35,37,57,37,65,37,30,38,35,38,36,38,56,38,65,38,30,39,36,39,55,39,56,39,65,39,30,40,31,40,36,40,54,40,55,40,65,40,31,41,36,41,37,41,38,41,39,41,40,41,41,41,42,41,43,41,44,41,45,41,46,41,47,41,48,41,49,41,50,41,51,41,52,41,53,41,54,41,64,41,31,42,64,42,31,43,32,43,64,43,32,44,33,44,63,44,33,45,34,45,63,45,34,46,35,46,36,46,37,46,38,46,53,46,54,46,55,46,56,46,63,46,39,47,40,47,41,47,42,47,43,47,44,47,45,47,46,47,47,47,48,47,49,47,50,47,51,47,52,47,57,47,62,47,63,47,57,48,62,48,57,49,62,49,57,50,62,50,56,51,57,51,62,51,56,52,62,52,56,53,61.0,53.0,56.0,54.0,61.0,54.0,55.0,55.0,61.0,55.0,55.0,56.0,61.0,56.0,55.0,57.0,60.0,57.0,54.0,58.0,60.0,58.0,54.0,59.0,60.0,59.0,54.0,60.0,59.0,60.0,53.0,61.0,54.0,61.0,59.0,61.0,53.0,62.0,59.0,62.0,53.0,63.0,58.0,63.0,59.0,63.0,52.0,64.0,53.0,64.0,58.0,64.0,52.0,65.0,58.0,65.0,51.0,66.0,52.0,66.0,57.0,66.0,58.0,66.0,50.0,67.0,51.0,67.0,57.0,67.0,49.0,68.0,50.0,68.0,57.0,68.0,48.0,69.0,49.0,69.0,56.0,69.0,46.0,70.0,47.0,70.0,48.0,70.0,55.0,70.0,56.0,70.0,41.0,71.0,42.0,71.0,43.0,71.0,44.0,71.0,45.0,71.0,54.0,71.0,55.0,71.0,37.0,72.0,38.0,72.0,39.0,72.0,40.0,72.0,53.0,72.0,54.0,72.0,37.0,73.0,51.0,73.0,52.0,73.0,37.0,74.0,50.0,74.0,51.0,74.0,37.0,75.0,47.0,75.0,48.0,75.0,49.0,75.0,50.0,75.0,37.0,76.0,38.0,76.0,39.0,76.0,40.0,76.0,41.0,76.0,42.0,76.0,43.0,76.0,44.0,76.0,45.0,76.0,46.0,76.0,,,,,,,,,,,,,,,,,,,,,,,,,,,,,,,,,,,,,,,,,,,,,,,,,,,,,,,,,,,,,,,,,,,,,,,,,,,,,,,,,,,,,,,,,,,,,,,,,,,,,,,,,,,,,,,,,,,,,,,,,,,,,,,,,,,,,,,,,,,,,,,,,,,,,,,,,,,,,,,,,,,,,,,,,,,,,,,,,,,,,,,,,,,,,,,,,,,,,,,,,,,,,,,,,,,,,,,,,,,,,,,,,,,,,,,,,,,,,,,,,,,,,,,,,,,,,,,,,,,,,,,,,,,,,,,,,,,,,,,,,,,,,,,,,,,,,,,,,,,,,,,,,,,,,,,,,,,,,,,,,,,,,,,,,,,,,,,,,,,,,,,,,,,,,,,,,,,,,,,,,,,,,,,,,,,,,,,,,,,,,,,,,,,,,,,,,,,,,,,,,,,,,,,,,,,,,Q
63,13,64,13,65,13,66,13,67,13,63,14,67,14,63,15,67,15,62,16,68,16,62,17,68,17,62,18,68,18,41,19,42,19,43,19,44,19,45,19,46,19,47,19,48,19,49,19,62,19,68,19,36,20,37,20,38,20,39,20,40,20,50,20,51,20,52,20,62,20,67,20,34,21,35,21,52,21,62,21,67,21,33,22,34,22,52,22,53,22,62,22,67,22,32,23,33,23,52,23,61,23,62,23,67,23,31,24,32,24,50,24,51,24,52,24,61,24,67,24,30,25,31,25,37,25,38,25,39,25,40,25,41,25,42,25,43,25,44,25,45,25,46,25,47,25,48,25,49,25,61,25,66,25,30,26,37,26,61,26,66,26,30,27,36,27,61,27,66,27,30,28,35,28,36,28,61,28,66,28,30,29,35,29,60,29,66,29,29,30,35,30,60,30,65,30,29,31,35,31,60,31,65,31,29,32,35,32,60,32,65,32,29,33,35,33,60,33,65,33,29,34,35,34,60,34,65,34,29,35,35,35,60,35,65,35,29,36,35,36,60,36,65,36,29,37,35,37,59,37,65,37,29,38,35,38,59,38,65,38,29,39,35,39,59,39,65,39,29,40,35,40,59,40,65,40,29,41,35,41,59,41,64,41,30,42,35,42,36,42,59,42,64,42,30,43,36,43,37,43,38,43,39,43,57,43,58,43,59,43,64,43,30,44,40,44,41,44,42,44,43,44,44,44,45,44,46,44,47,44,48,44,49,44,50,44,51,44,52,44,53,44,54,44,55,44,56,44,57,44,64,44,30,45,64,45,30,46,31,46,64,46,32,47,33,47,34,47,64,47,34,48,35,48,36,48,37,48,38,48,64,48,39,49,40,49,41,49,42,49,43,49,44,49,45,49,53,49,54,49,55,49,56,49,57,49,58,49,64,49,46,50,47.0,50.0,48.0,50.0,49.0,50.0,50.0,50.0,51.0,50.0,52.0,50.0,58.0,50.0,59.0,50.0,64.0,50.0,59.0,51.0,64.0,51.0,59.0,52.0,64.0,52.0,58.0,53.0,64.0,53.0,58.0,54.0,64.0,54.0,58.0,55.0,63.0,55.0,58.0,56.0,63.0,56.0,58.0,57.0,63.0,57.0,58.0,58.0,63.0,58.0,58.0,59.0,63.0,59.0,58.0,60.0,63.0,60.0,57.0,61.0,63.0,61.0,57.0,62.0,63.0,62.0,57.0,63.0,63.0,63.0,57.0,64.0,63.0,64.0,57.0,65.0,63.0,65.0,57.0,66.0,63.0,66.0,57.0,67.0,63.0,67.0,57.0,68.0,63.0,68.0,57.0,69.0,63.0,69.0,58.0,70.0,63.0,70.0,58.0,71.0,63.0,71.0,58.0,72.0,63.0,72.0,58.0,73.0,64.0,73.0,58.0,74.0,64.0,74.0,59.0,75.0,64.0,75.0,58.0,76.0,64.0,76.0,57.0,77.0,58.0,77.0,61.0,77.0,64.0,77.0,56.0,78.0,57.0,78.0,64.0,78.0,55.0,79.0,56.0,79.0,60.0,79.0,63.0,79.0,64.0,79.0,54.0,80.0,55.0,80.0,62.0,80.0,63.0,80.0,51.0,81.0,52.0,81.0,53.0,81.0,54.0,81.0,61.0,81.0,62.0,81.0,48.0,82.0,49.0,82.0,50.0,82.0,51.0,82.0,60.0,82.0,61.0,82.0,48.0,83.0,59.0,83.0,60.0,83.0,48.0,84.0,58.0,84.0,59.0,84.0,48.0,85.0,56.0,85.0,57.0,85.0,48.0,86.0,49.0,86.0,50.0,86.0,51.0,86.0,52.0,86.0,53.0,86.0,54.0,86.0,55.0,86.0,,,,,,,,,,,,,,,,,,,,,,,,,,,,,,,,,,,,,,,,,,,,,,,,,,,,,,,,,,,,,,,,,,,,,,,,,,,,,,,,,,,,,,,,,,,,,,,,,,,,,,,,,,,,,,,,,,,,,,,,,,,,,,,,,,,,,,,,,,,,,,,,,,,,,,,,,,,,,,,,,,,,,,,,,,,,,,,,,,,,,,,,,,,,,,,,,,,,,,,,,,,,,,,,,,,,,,,,,,,,,,,,,,,,,,,,,,,,,,,,,,,,,,,,,,,,,,,,,,,,,,,,,,,,,,,,,,,,,,,,,,,,,,,,,,,,,,,,,,,,,,,,,,,,,,,,,,,,,,,,,,,,,,,,,,,,,,,,,,,,,,,,,,,,,,,,,,,,,,,,,Q
29,12,30,12,31,12,32,12,33,12,34,12,35,12,36,12,37,12,38,12,39,12,40,12,41,12,42,12,43,12,44,12,45,12,46,12,47,12,48,12,49,12,50,12,51,12,52,12,53,12,54,12,55,12,56,12,57,12,58,12,59,12,60,12,61,12,62,12,63,12,64,12,65,12,66,12,67,12,68,12,69,12,70,12,71,12,72,12,73,12,74,12,75,12,76,12,77,12,78,12,26,13,27,13,28,13,79,13,80,13,81,13,82,13,83,13,26,14,83,14,26,15,83,15,26,16,83,16,26,17,27,17,53,17,54,17,55,17,56,17,79,17,80,17,81,17,82,17,83,17,28,18,29,18,36,18,37,18,38,18,39,18,40,18,41,18,42,18,43,18,44,18,45,18,46,18,52,18,53,18,57,18,58,18,59,18,60,18,61,18,62,18,63,18,64,18,65,18,66,18,67,18,68,18,74,18,75,18,76,18,77,18,78,18,29,19,30,19,36,19,46,19,47,19,52,19,68,19,74,19,30,20,36,20,47,20,52,20,68,20,74,20,30,21,36,21,47,21,52,21,68,21,74,21,30,22,36,22,47,22,52,22,68,22,74,22,30,23,36,23,47,23,53,23,68,23,74,23,30,24,36,24,48,24,53,24,68,24,74,24,30,25,36,25,48,25,53,25,69,25,74,25,30,26,36,26,48,26,53,26,69,26,74,26,30,27,36,27,48,27,53,27,69,27,74,27,30,28,35,28,48,28,53,28,69,28,74,28,30,29,35,29,48,29,53,29,69,29,74,29,30,30,35,30,48,30,49,30,54,30,69,30,74,30,75,30,29,31,30,31,35,31,49,31,54,31,69,31,70,31,75,31,28,32,29,32,35,32,49,32,54,32,70,32,75,32,27,33,28,33,34,33,49,33,54,33,70,33,75,33,27,34,34.0,34.0,49.0,34.0,54.0,34.0,70.0,34.0,75.0,34.0,26.0,35.0,27.0,35.0,30.0,35.0,33.0,35.0,34.0,35.0,49.0,35.0,54.0,35.0,70.0,35.0,75.0,35.0,26.0,36.0,32.0,36.0,33.0,36.0,49.0,36.0,54.0,36.0,70.0,36.0,75.0,36.0,25.0,37.0,26.0,37.0,31.0,37.0,32.0,37.0,49.0,37.0,55.0,37.0,70.0,37.0,76.0,37.0,24.0,38.0,25.0,38.0,31.0,38.0,49.0,38.0,55.0,38.0,71.0,38.0,76.0,38.0,24.0,39.0,30.0,39.0,49.0,39.0,55.0,39.0,71.0,39.0,76.0,39.0,24.0,40.0,29.0,40.0,30.0,40.0,49.0,40.0,55.0,40.0,71.0,40.0,76.0,40.0,24.0,41.0,28.0,41.0,29.0,41.0,49.0,41.0,55.0,41.0,71.0,41.0,76.0,41.0,24.0,42.0,27.0,42.0,28.0,42.0,49.0,42.0,55.0,42.0,71.0,42.0,76.0,42.0,24.0,43.0,25.0,43.0,26.0,43.0,27.0,43.0,49.0,43.0,55.0,43.0,71.0,43.0,76.0,43.0,49.0,44.0,55.0,44.0,71.0,44.0,76.0,44.0,49.0,45.0,55.0,45.0,71.0,45.0,77.0,45.0,49.0,46.0,55.0,46.0,71.0,46.0,77.0,46.0,49.0,47.0,54.0,47.0,71.0,47.0,77.0,47.0,50.0,48.0,54.0,48.0,71.0,48.0,77.0,48.0,50.0,49.0,54.0,49.0,71.0,49.0,77.0,49.0,50.0,50.0,54.0,50.0,71.0,50.0,77.0,50.0,50.0,51.0,53.0,51.0,54.0,51.0,71.0,51.0,77.0,51.0,50.0,52.0,51.0,52.0,52.0,52.0,53.0,52.0,71.0,52.0,77.0,52.0,71.0,53.0,77.0,53.0,71.0,54.0,77.0,54.0,71.0,55.0,77.0,55.0,71.0,56.0,77.0,56.0,71.0,57.0,77.0,57.0,71.0,58.0,77.0,58.0,71.0,59.0,77.0,59.0,71.0,60.0,77.0,60.0,71.0,61.0,77.0,61.0,71.0,62.0,77.0,62.0,71.0,63.0,77.0,63.0,71.0,64.0,77.0,64.0,71.0,65.0,77.0,65.0,72.0,66.0,77.0,66.0,72.0,67.0,77.0,67.0,72.0,68.0,77.0,68.0,72.0,69.0,77.0,69.0,72.0,70.0,77.0,70.0,78.0,70.0,73.0,71.0,78.0,71.0,73.0,72.0,78.0,72.0,73.0,73.0,78.0,73.0,73.0,74.0,78.0,74.0,73.0,75.0,78.0,75.0,73.0,76.0,79.0,76.0,73.0,77.0,79.0,77.0,73.0,78.0,79.0,78.0,73.0,79.0,79.0,79.0,73.0,80.0,79.0,80.0,73.0,81.0,79.0,81.0,73.0,82.0,79.0,82.0,73.0,83.0,79.0,83.0,73.0,84.0,79.0,84.0,73.0,85.0,79.0,85.0,73.0,86.0,79.0,86.0,73.0,87.0,79.0,87.0,73.0,88.0,79.0,88.0,73.0,89.0,79.0,89.0,73.0,90.0,79.0,90.0,73.0,91.0,79.0,91.0,73.0,92.0,79.0,92.0,73.0,93.0,78.0,93.0,74.0,94.0,78.0,94.0,74.0,95.0,78.0,95.0,74.0,96.0,78.0,96.0,74.0,97.0,77.0,97.0,78.0,97.0,74.0,98.0,75.0,98.0,76.0,98.0,77.0,98.0,,,,,,,,,,,,,,,,,,,,,,,,,,,,,,,,,,,,,,,,,,,,,,,,,,,,,,,,,,,,,,,,,,,,,,,,,,,,,,,,,,,,,,,,,,,,,,,,,,,,,,,,,,,,,,,,,,,,,,,,,,,,,,,,,,,,,,,,,,,,,,,,,,,,,,,,,,,,,,,,,S
32,21,33,21,34,21,35,21,36,21,37,21,38,21,39,21,40,21,41,21,42,21,43,21,44,21,45,21,46,21,47,21,48,21,49,21,50,21,51,21,52,21,53,21,54,21,55,21,56,21,57,21,58,21,59,21,60,21,61,21,62,21,63,21,64,21,65,21,66,21,67,21,68,21,69,21,70,21,71,21,72,21,73,21,74,21,75,21,76,21,77,21,78,21,29,22,30,22,31,22,79,22,80,22,81,22,82,22,83,22,29,23,83,23,28,24,29,24,83,24,29,25,83,25,29,26,30,26,31,26,56,26,57,26,58,26,59,26,79,26,80,26,81,26,82,26,83,26,32,27,33,27,34,27,35,27,36,27,42,27,43,27,44,27,45,27,46,27,47,27,48,27,49,27,55,27,56,27,60,27,61,27,62,27,63,27,64,27,65,27,66,27,67,27,73,27,74,27,75,27,76,27,77,27,78,27,36,28,42,28,49,28,50,28,55,28,67,28,73,28,36,29,42,29,50,29,55,29,67,29,73,29,36,30,42,30,50,30,55,30,67,30,73,30,36,31,41,31,50,31,55,31,67,31,73,31,36,32,41,32,50,32,55,32,67,32,73,32,36,33,41,33,50,33,56,33,67,33,73,33,36,34,41,34,50,34,56,34,67,34,73,34,36,35,41,35,50,35,56,35,67,35,73,35,35,36,41,36,50,36,56,36,67,36,73,36,35,37,41,37,50,37,56,37,67,37,73,37,34,38,35,38,40,38,50,38,56,38,67,38,73,38,32,39,33,39,34,39,40,39,50,39,55,39,67,39,73,39,30,40,31,40,32,40,40,40,51,40,55,40,67,40,73,40,30,41,39,41,40,41,51,41,55,41,67,41,73,41,30,42,38,42,39,42,51,42,55,42,67,42,73,42,30,43,37,43,38,43,51,43,54,43,55.0,43.0,67.0,43.0,73.0,43.0,30.0,44.0,31.0,44.0,32.0,44.0,33.0,44.0,34.0,44.0,35.0,44.0,36.0,44.0,51.0,44.0,52.0,44.0,53.0,44.0,54.0,44.0,67.0,44.0,73.0,44.0,67.0,45.0,73.0,45.0,67.0,46.0,73.0,46.0,67.0,47.0,73.0,47.0,67.0,48.0,73.0,48.0,67.0,49.0,73.0,49.0,67.0,50.0,73.0,50.0,67.0,51.0,73.0,51.0,67.0,52.0,73.0,52.0,67.0,53.0,73.0,53.0,67.0,54.0,73.0,54.0,67.0,55.0,73.0,55.0,67.0,56.0,73.0,56.0,67.0,57.0,73.0,57.0,67.0,58.0,73.0,58.0,67.0,59.0,73.0,59.0,67.0,60.0,73.0,60.0,67.0,61.0,73.0,61.0,67.0,62.0,73.0,62.0,67.0,63.0,73.0,63.0,67.0,64.0,73.0,64.0,67.0,65.0,73.0,65.0,68.0,66.0,73.0,66.0,68.0,67.0,73.0,67.0,68.0,68.0,73.0,68.0,68.0,69.0,73.0,69.0,68.0,70.0,74.0,70.0,68.0,71.0,74.0,71.0,68.0,72.0,74.0,72.0,68.0,73.0,74.0,73.0,68.0,74.0,74.0,74.0,69.0,75.0,74.0,75.0,69.0,76.0,74.0,76.0,69.0,77.0,73.0,77.0,69.0,78.0,72.0,78.0,73.0,78.0,69.0,79.0,70.0,79.0,71.0,79.0,72.0,79.0,,,,,,,,,,,,,,,,,,,,,,,,,,,,,,,,,,,,,,,,,,,,,,,,,,,,,,,,,,,,,,,,,,,,,,,,,,,,,,,,,,,,,,,,,,,,,,,,,,,,,,,,,,,,,,,,,,,,,,,,,,,,,,,,,,,,,,,,,,,,,,,,,,,,,,,,,,,,,,,,,,,,,,,,,,,,,,,,,,,,,,,,,,,,,,,,,,,,,,,,,,,,,,,,,,,,,,,,,,,,,,,,,,,,,,,,,,,,,,,,,,,,,,,,,,,,,,,,,,,,,,,,,,,,,,,,,,,,,,,,,,,,,,,,,,,,,,,,,,,,,,,,,,,,,,,,,,,,,,,,,,,,,,,,,,,,,,,,,,,,,,,,,,,,,,,,,,,,,,,,,,,,,,,,,,,,,,,,,,,,,,,,,,,,,,,,,,,S
